id,rest_name,rest_address,dish_category,dish_name,dish_disc,dish_ingredients,dish_style,dish_mood,dish_rec_nutritionist,dish_rec_community,dish_rec_a_oblomov,dish_rec_a_ivlev,stat_reviews,stat_rating,foodToMoodCoin,url,dish_price,dish_g
1,Молодёжь,"Москва, Сущёвская ул., 21, стр. 8",Завтрак,Омлет,"Содерщащаяся в яйцах аминокислота триптофан, помогает поддерживать оптимальный уровень серотонина и налаживает функционирование организма. Кальций и витамины группы B способствуют укреплению мышц, здоровья костей и благоприятно скажутся на работе нервной системы, что обязательно поднимет вам настроение в начале дня.; Б1,7 Ж2,1 У0,9 Кк29,6","Яйцо, сливки, соль, подсолнечное масло",Стандартное,"Радость, Печаль, Гнев, Спокойствие, Волнение","Спокойствие = 1, Радость  = 2, Гнев = 3, Печаль = 4, Волнение = 7",,,, ,  ; 5 ; 5 ; 5 ; 5 ; 5 ; 5 ; 5 ; 5 ; 5 ; 5 ; 5 ; 1 ; 5 ; 5 ; 5 ; 5,,https://barmolodezh.ru/?utm_source=yandexmaps,189,120
2,Молодёжь,"Москва, Сущёвская ул., 21, стр. 8",Завтрак,Завтрак Молодежь,"Наличие в омлете аминокислоты триптофана, витаминов группы В, кальция обеспечит ваш организм необходимыми питательными веществами и укрепит ваш иммунитет.;Б2,8 Ж20,5 У9,2 Кк228,1","Омлет или глазунья или скрембл, огурец, помидоры, салат айсберг, салат руккола, салат Романо, сыр творожный, масло оливковое, масло зелёное, чиабатта, подсолнечное масло, лук зелёный","Стандартное, Диетическое, Вегетарианство","Радость, Печаль, Гнев, Спокойствие, Волнение,","Радость = 1, Спокойствие = 2, Гнев = 4, Печаль = 5, Волнение = 5",,,, ,  ; 5 ; 5 ; 5 ; 5 ; 5,,https://barmolodezh.ru/?utm_source=yandexmaps,549,145
3,Молодёжь,"Москва, Сущёвская ул., 21, стр. 8",Завтрак,Сырники,"Благодаря содержащимся в сырниках кальцию, магнию, витаминам группы В вы станете себя чувствовать бодрее и энергичнее, укрепите свое здоровье и улучшите самочувствие.;Б8,6 Ж20,5 У18,7 Кк209,1","Сырники, лаймовая сгщенка, сливки, молоко сгущеное, фреш лайма, ягодный соус, смородина, клюква, ягодный соус, смородина, клюква, клубника, сахар, корица, бадьян, арахис, орехи","Стандартное, Вегетарианство","Радость, Печаль, Гнев, Спокойствие, Волнение,","Печаль = 2, Гнев = 1, Спокойствие = 3, Радость  = 4, Волнение = 6",,,, ,  ; 1 ; 5 ; 5 ; 5 ; 5 ; 5 ; 5 ; 5 ; 5 ; 5 ; 5,,https://barmolodezh.ru/?utm_source=yandexmaps,399,175
4,Молодёжь,"Москва, Сущёвская ул., 21, стр. 8",Завтрак,Панкейки,"Панкейки на завтрак - очень хороший выбор. Кальций, витамины группы В, триптофан, йод обеспечат заряд сил и энергии на весь день.; Б5,3 Ж10,1 У30,3 Кк232,4","Мука пшеничная, сахар, соль, ванилин, разрыхлитель, яйцо, молоко, подсолнечное масло, лаймовая сгущёнка, сливки, молоко сгущенное, фреш лайма, ягодный соус, смородина, клюква, клубника, сахар, корица, бадьян, тар-тар, груша, киви, мед, мука, молочные продукты, масло, лайм, сгущенка, ягоды","Стандартное, Вегетарианство","Радость, Печаль, Гнев, Спокойствие, Волнение,","Печаль = 3, Спокойствие = 5, Гнев = 6, Радость  = 4, Волнение = 1",,,,  ; круто!,  ; 5 ; 5 ; 5 ; 5 ; 5 ; 5 ; 5 ; 5,,https://barmolodezh.ru/?utm_source=yandexmaps,299,285
5,Молодёжь,"Москва, Сущёвская ул., 21, стр. 8",Завтрак,Шакшука,"Откройте для себя вкусное и питательное утро с шакшукой. Благодаря сожержащимся в ней витаминам С, Е, В, фосфору, железу ваше тело скажет вам спасибо.;Б9,6 Ж9,4 У2,2 Кк134,7","Лук, перец болгарский, перц чили, подсолнечное масло, томатная паста, томат, зира, кориандр, соль и сахар, яйцо, кинза, чиабатта, перец, овощи, масло, помидоры, овощи, зелень","Стандартное, Диетическое, Вегетарианство","Радость, Печаль, Гнев, Спокойствие, Волнение,","Волнение = 3, Спокойствие = 4, Гнев = 7, Печаль = 7, Радость = 5",,,, ,  ; 5 ; 5 ; 5 ; 5 ; 5 ; 5,,https://barmolodezh.ru/?utm_source=yandexmaps,499,275
8,Молодёжь,"Москва, Сущёвская ул., 21, стр. 8",Салаты,Теплый салат с печенью цыпленка,"Насыщенный витаминами В12, А, железом, йодом, этот салат поможет укрепить ваш организм и подарит вам бодрость на целый день.;Б12,2 Ж12,3 У5 Кк225,4","Печень цыплёнка, красное вино, карамель, микс-салат, помидоры-черри, огурец, оливковое масло, виноград, курица, мясо, помидоры, томаты, овощи, ягоды, зелень",Стандартное,"Радость, Печаль, Гнев, Спокойствие, Волнение,","Спокойствие = 3, Радость = 2, Гнев = 10, Печаль = 1, Волнение = 5",,,,  ; круто,  ; 5 ; 5 ; 5 ; 5 ; 5,,https://barmolodezh.ru/?utm_source=yandexmaps,499,240
9,Молодёжь,"Москва, Сущёвская ул., 21, стр. 8",Салаты,Лосось и авокадо,"Откройте для себя вкус и пользу в каждом кусочке салата из лосося и авокадо. В нём содержится омега-3, витамины группы В12, фосфор и калий. Сочный лосось, кремовое авокадо - идеальное сочетание для вашего здоровья и хорошего настроения.;Б6 Ж5,1 У3,8 Кк158","Лосось, авокадо, помидоры-черри, сладкий перец, микс-салат, майонез, соевый соус, рыба, помидоры, томаты, овощи, перец, зелень","Стандартное, Диетическое","Радость, Печаль, Гнев, Спокойствие, Волнение,","Гнев = 5, Волнение = 4, Радость = 1, Печаль = 2, Спокойствие  = 4",,,, ,  ; 5 ; 5 ; 5 ; 5 ; 5,,https://barmolodezh.ru/?utm_source=yandexmaps,899,175
10,Молодёжь,"Москва, Сущёвская ул., 21, стр. 8",Салаты,Нежный салат с грудкой,"Нежный салат с куриной грудкой хорошо усваивается организмом. Содержащиеся в нем гистидин, омега-3, селен, железо и витамин В12 благоприятно скажутся на вашем самочувствии. А серотонин, безусловно, сделает ваш день незабываемым и полным счастливых воспоминаний.;Б14,2 Ж7,9 У9,6 Кк176,3","Куриное филе, соус ""Терияке"", микс- салат, виноград, помидоры-конкассе, оливковое масло, французский багет, курица, мясо, ягоды, помидоры, томаты, овощи, багет, хлеб",Стандартное,"Радость, Печаль, Гнев, Спокойствие, Волнение,","Волнение = 6, Гнев = 11, Радость = 10, Печаль = 4, Спокойствие  = 9",,,, , ,,https://barmolodezh.ru/?utm_source=yandexmaps,499,170
11,Молодёжь,"Москва, Сущёвская ул., 21, стр. 8",Салаты,Цезарь с цыпленком,"Откройте для себя секрет здоровья и вкуса с салатом Цезарь с цыпленком. Насыщенный гистидином, серотонином, омегой-3, селеном, железом, витамином В12, этот салат станет вашим источником энергии и хорошего настроения.;Б10,1 Ж3,8 У4,7 Кк188","Листья салата, помидоры-черри, соус ""Цезарь"", крутоны, мусс ""Пармезан "", салат, помидоры, томаты, овощи, мясо, курица",Стандартное,"Радость, Печаль, Гнев, Спокойствие, Волнение,","Спокойствие= 6, Волнение = 7, Радость = 4, Печаль = 3, Гнев = 8",,,, , ,,https://barmolodezh.ru/?utm_source=yandexmaps,699,215
12,Молодёжь,"Москва, Сущёвская ул., 21, стр. 8",Салаты,Цезарь с креветками,"В данном салате такится секрет здоровья и невероятного вкуса. Насыщенный витаминами А, D, Е, К, бета-каротином, этот салат станет вашим источником энергии и хорошего настроения.;Б10,1 Ж3,5 У4,4 Кк184","Листья салата, помидоры-черри, соус ""Цезарь"", крутоны, мусс ""Пармезан "", салат, помидоры, томаты, овощи, креветки, морепродукты",Стандартное,"Радость, Печаль, Гнев, Спокойствие, Волнение,","Спокойствие = 7, Волнение = 8, Печаль = 5, Радость = 6, Гнев  = 3",,,, , ,,https://barmolodezh.ru/?utm_source=yandexmaps,899,215
13,Молодёжь,"Москва, Сущёвская ул., 21, стр. 8",Салаты,Греческий салат,"Погрузитесь в атмосферу средиземноморского здоровья с греческим салатом. Сочные овощи, ароматные травы, содержащие витамины С, Е, В, фосфор, железо, сделают все для поддержания вашего организма в отличной форме.;Б3,5 Ж13,5 У4,4 Кк157","Огурец, помидор, сладкий перец, красный лук, листья салата, маслины, сыр ""Фета"", бальзамическая заправка, овощи, томаты, перец, лук, сыр, зелень","Стандартное, Диетическое, Вегетарианство","Радость, Печаль, Гнев, Спокойствие, Волнение,","Волнение = 3, Гнев = 2, Радость = 5, Печаль = 7, Спокойствие  = 8",,,, , ,,https://barmolodezh.ru/?utm_source=yandexmaps,549,220
14,Молодёжь,"Москва, Сущёвская ул., 21, стр. 8",Салаты,Оливье по-домашнему,"Данное блюдо поможет вам ощутить домашний уют и заботу о вашем здоровье. Сочные овощи, нежное мясо и ароматный майонез создадут неповторимый вкус и подарят вашему организму необходимые питательные вещества. Содержащиеся в оливье калий, кальций, магний, цинк способствуют успокоению нервной системы и поднятию настроения.;Б6,7 Ж9,1 У6,15 Кк213","Варёная колбаса, огурец, отварной картофель, морковь, зеленый горошек, яйцо, майонез, колбаса, мясо, овощи, картофель, горох",Стандартное,"Радость, Печаль, Гнев, Спокойствие, Волнение,","Печаль = 6, Волнение = 2, Спокойствие = 1, Радость = 8, Гнев  = 6",,,, , ,,https://barmolodezh.ru/?utm_source=yandexmaps,399,210
15,Молодёжь,"Москва, Сущёвская ул., 21, стр. 8",Салаты,Ростбиф-салат,"Ростбиф салат - выбор в пользу здоровья. Нежное мясо, свежие овощи и ароматные специи создадут взрыв вкуса, а витамин В12, цинк, железо, селен помогут вашему организму чувствовать себя на высоте.; Б10,3 Ж58,4 У8,06 Кк684","Ростбиф, луковое песто, картофель-черри, грибы, трюфельный майонез, говядина, мясо, лук, картофель, трюфель, овощи",Стандартное,"Радость, Печаль, Гнев, Спокойствие, Волнение,","Печаль = 9, Спокойствие = 5, Гнев = 7, Радость  = 9, Волнение = 1",,,, ,  ; 4,,https://barmolodezh.ru/?utm_source=yandexmaps,699,170
16,Молодёжь,"Москва, Сущёвская ул., 21, стр. 8",Салаты,С грушей и Горгонзолой,"Позвольте себе насладиться изысканным сочетанием вкусов данного салата. Сладкая груша и острая Горгонзола обладают хорошей совместной усваиваемостью, а также содержат витамины А, D, Е, К и бета-каротин, создающие идеальное сочетание для вашего здоровья и эмоционального благополучия. ;Б10 Ж10 У19 Кк371","Винно-чесночный соус, тигровые креветки, карамель, груша, микс-салат, огурец и сыр Горгонзола, чеснок, креветки, морепродукты, фрукты, сыр, овощи",Стандартное,"Радость, Печаль, Гнев, Спокойствие, Волнение,","Гнев = 4, Волнение = 9, Радость = 7, Печаль = 8, Спокойствие  = 2",,,, ,  ; 5 ; 5,,https://barmolodezh.ru/?utm_source=yandexmaps,749,220
17,Молодёжь,"Москва, Сущёвская ул., 21, стр. 8",Салаты,Салат их хрустящих баклажанов,"Оригинальный вкус салата из хрустящих баклажанов не оставит вас равнодушным. Насыщенный кальцием, фосфором, витамином А, РР, этот салат поможет вам поддерживать свою фигуру и здоровье в отличной форме.;Б3,5 Ж1,5 У9,5 Кк253","Баклажан, копчёный сыр «Сулугуни», помидоры, красный лук, кинза, соус «Гренадин», овощи, сыр, томаты, лук",Стандартное,"Радость, Печаль, Гнев, Спокойствие, Волнение,","Спокойствие = 10, Волнение = 2, Печаль = 11, Радость = 3, Гнев  = 9",,,, ,  ; 5,,https://barmolodezh.ru/?utm_source=yandexmaps,649,265
18,Молодёжь,"Москва, Сущёвская ул., 21, стр. 8",Салаты,"Стейк-салат ""Молодёжь""","Стейк-салат обязательно вызовет у вас новые эмоции. Благодаря витамину В12, цинку, железу и селену салат поможет вам сохранить высокий уровень энергии и концентрации на протяжении всего дня;Б5,9 Ж8,2 У4,6 Кк115,8","Мраморная говядина, помидоры, огурцы, красный лук, кинза, базилик, заправка «Кимчи», говядина, мясо, томаты, овощи, лук, зелень","Стандартное, диетическое","Радость, Печаль, Гнев, Спокойствие, Волнение,","Гнев = 1, Волнение = 7, Радость = 3, Печаль = 10, Спокойствие  = 11",,,, , ,,https://barmolodezh.ru/?utm_source=yandexmaps,849,300
19,Молодёжь,"Москва, Сущёвская ул., 21, стр. 8",Японская кухня,Калифорния маки,"Свежий рис, нежные овощи и морепродукты - все, что нужно для здорового обеда или ужина. Они содержат витамины A, В, C, цинк, магний, железо, кальций, которые обязательно повысят ваше настроение и улучшат самочувствие.;Б4,7 Ж2,6 У5,2 Кк158","Рис, нори, снежный краб, икра масаго, авокадо, майонез, имбирь, васаби, краб, рыба, икра, морепродукты","Стандартное, диетическое","Радость, Печаль, Гнев, Спокойствие, Волнение,","Печаль = 1, Гнев = 2, Волнение = 4, Спокойствие = 3, Радость = 8",,,, , ,,https://barmolodezh.ru/?utm_source=yandexmaps,549,220/15
20,Молодёжь,"Москва, Сущёвская ул., 21, стр. 8",Японская кухня,Филадельфия маки,"Маки Филадельфия погрузят вас в атмосферу одного из старейших городов Америки. Они содержат важнейшие витамины группы В, цинк, магний, фосфор, калий. Отлично подходят для поднятия настроения.;Б5,1 Ж4,2 У5,1 Кк154","Рис, нори, лосось, творожный сыр, огурец, имбирь, васаби, рыба, сыр, овощи","Стандартное, диетическое","Радость, Печаль, Гнев, Спокойствие, Волнение,","Волнение = 2, Гнев = 1, Радость = 6, Печаль = 4, Спокойствие  = 5",,,, , ,,https://barmolodezh.ru/?utm_source=yandexmaps,699,220/15
21,Молодёжь,"Москва, Сущёвская ул., 21, стр. 8",Японская кухня,Дракон маки,"Дракон маки обладают высоким содержанием витаминов группы A, В, E, K, цинка, магния, бета-каротина. Они способствуют успокоению нервной системы и поднятию настроения.;Б6 Ж6,9 У5 Кк178","Рис, нори, тигровая креветка, угорь, творожный сыр, кунжут, соус ""Унаги"", имбирь, васаби, креветки, морепродукты, сыр","Стандартное, диетическое","Радость, Печаль, Гнев, Спокойствие, Волнение,","Печаль = 2, Гнев = 3, Волнение = 6, Спокойствие = 1, Радость = 4",,,, , ,,https://barmolodezh.ru/?utm_source=yandexmaps,799,220/15
22,Молодёжь,"Москва, Сущёвская ул., 21, стр. 8",Японская кухня,Ролл угорь,"Сочные ингредиенты, богатые витаминами A, В, D, E, цинком, магнием, омегой-3, помогут поддерживать ваш иммунитет и общее здоровья, способствуя успокоению организма.;Б6 Ж6,9 У5 Кк178","Рис, нори, угорь, авокадо, имбирь, васаби, рыба","Стандартное, диетическое","Радость, Печаль, Гнев, Спокойствие, Волнение,","Радость = 7, Спокойствие= 8, Волнение = 1, Печаль = 3, Гнев  = 5",,,, , ,,https://barmolodezh.ru/?utm_source=yandexmaps,399,95/15
23,Молодёжь,"Москва, Сущёвская ул., 21, стр. 8",Японская кухня,Ролл авокадо,"Органичное переплетение вкусов авокадо и риса знакомит вас с новыми ощущениями. А  содержащиеся витамины группы В, цинк, магний, принесут неоценимую пользу вашему организму.;Б5,4 Ж6,5 У6,2 Кк217,8","Рис, нори, авокадо, имбирь, васаби","Стандартное, диетическое","Радость, Печаль, Гнев, Спокойствие, Волнение,","Радость = 2, Спокойствие= 6, Волнение = 3, Печаль = 5, Гнев  = 4",,,, , ,,https://barmolodezh.ru/?utm_source=yandexmaps,179,95/15
24,Молодёжь,"Москва, Сущёвская ул., 21, стр. 8",Японская кухня,Ролл огурец,"Сочный огурец в сочетании с нежным рисом содержат важные витамины группы В, цинк, магний, повышая ваше самочувствие и обеспечивая организм зарядом сил на весь день.;Б0,9 Ж0 У5,7 Кк139","Рис, нори, огурец свежий, имбирь, васаби, огурцы, овощи","Стандартное, диетическое","Радость, Печаль, Гнев, Спокойствие, Волнение,","Радость = 1, Спокойствие= 2, Волнение = 5, Печаль = 6, Гнев  = 7",,,, , ,,https://barmolodezh.ru/?utm_source=yandexmaps,129,95/15
25,Молодёжь,"Москва, Сущёвская ул., 21, стр. 8",Японская кухня,Эби темпура,"Витамины A, В, D, E, K, цинк, магний содержащиеся в данном блюде, поднимут тонус вашего организма и сделают ваш день незабываемым.;Б4,6 Ж8,5 У18,8 Кк331","Рис, нори, тигровая креветка, огурец, соус ""Спайс"", имбирь, васаби, креветки, морепродукты, овощи",Стандартное,"Радость, Печаль, Гнев, Спокойствие, Волнение,","Печаль = 8, Гнев = 6, Волнение = 7, Спокойствие = 4, Радость = 5",,,, , ,,https://barmolodezh.ru/?utm_source=yandexmaps,399,190/15
26,Молодёжь,"Москва, Сущёвская ул., 21, стр. 8",Японская кухня,Филадельфия запечённая,"Содержащиеся в рисе и креветках витамины A, В, C, цинк, магний, железо, кальций укрепят ваш организм и поддержат позитивный настрой.;Б6 Ж4,2 У3,6 Кк182","Рис, нори, лосось с/с, креветки, снежный краб, творожный сыр, майонез, имбирь, васаби, лосось, морепродукты, краб, сыр","Стандартное, диетическое","Радость, Печаль, Гнев, Спокойствие, Волнение,","Волнение = 6, Печаль = 7 Радость = 3, Гнев = 8, Спокойствие  = 5",,,, , ,,https://barmolodezh.ru/?utm_source=yandexmaps,699,210/15
27,Молодёжь,"Москва, Сущёвская ул., 21, стр. 8",Японская кухня,Ролл-сет,"Набор роллов наполнит вас силами на весь день. В этом ему помогут содержащиеся там витамины группы В, цинк, магний, омега-3, фосфор и калий.;Б8,9 Ж8,2 У14 Кк330","Филадельфия запеченная, лосось-ролл запеченный, ролл угорь, ролл авокадо, ролл огурец, ролл угорь калифорния, соус унаги, кунжут, имбирь, васаби, лосось, рыба, угорь, авокадо, огурец, овощи, рис",Стандартное,"Радость, Печаль, Гнев, Спокойствие, Волнение,","Спокойствие = 7, Радость = 6, Гнев = 5, Печаль = 6, Волнение = 2",,,, , ,,https://barmolodezh.ru/?utm_source=yandexmaps,1899,805/45
28,Молодёжь,"Москва, Сущёвская ул., 21, стр. 8",Поке,Поке с креветками,"Поке с креветками откроют вам новый уровень заботы о своем здоровье. Богатое витаминами группы A, В, D, E, K, цинком, магнием, бета-каротином, это блюдо поможет вам поднять настроение и поддерживать энергию в течение всего дня.;Б7 Ж4,6 У13,7 Кк323,6","Тигровые креветки в панировке, рис отварной, нори, салат чука, соевые бобы эдамамэ, ананас, помидоры-черри, огурцы свежие, кинза, соус соевый, соус «Шрирача», креветки, рыба, рис, бобы, фрукты, помидоры, томаты, овощи, огурцы, зелень, морепродукты",Стандартное,"Радость, Печаль, Гнев, Спокойствие, Волнение,","Радость = 1, Спокойствие = 2, Гнев = 4, Печаль = 5, Волнение = 5",,,, , ,,https://barmolodezh.ru/?utm_source=yandexmaps,699,330
29,Молодёжь,"Москва, Сущёвская ул., 21, стр. 8",Поке,Поке с угрём,"Блюдо с копченым угрем заслуживает особого внимания, оно богато витаминами A, В, D, E цинком, магнием, омегой-3. Его необычный позволит вам испытать новые ощущения.;Б4,8 Ж7,2 У6,25 Кк196,5","Копчёный угорь, рис отварной, творожный сыр, салат чука, маринованные грибы муэр, соус кимчи, соевые бобы эдамамэ, помидоры-черри, огурцы свежие, кинза, соевый соус, угорь, рыба, рис, сыр, грибы, бобы, помидоры, томаты, овощи, огурцы, зелень","Стандартное, диетическое","Радость, Печаль, Гнев, Спокойствие, Волнение,","Печаль = 2, Гнев = 1, Спокойствие = 3, Радость  = 4, Волнение = 6",,,, , ,,https://barmolodezh.ru/?utm_source=yandexmaps,649,290
30,Молодёжь,"Москва, Сущёвская ул., 21, стр. 8",Поке,Поке с лососем,"Блюдо, богатое витаминами группы В, цинком, магнием; Омегой-3, фосфором, калием - всё, что нужно для поддержания вашего здоровья и хорошего настроения.;Б5,6 Ж3,4 У5,5 Кк175","Лосось, икра масаго, рис, авокадо, соевые бобы эдамамэ, помидоры-черри, огурцы свежие, кинза, соус соевый, соус «Ментайко», соус кимчи, соус рыбный, икра масаго, соевый соус, майонез, рыба, икра, бобы, помидоры, томаты, овощи, огурцы, зелень","Стандартное, диетическое","Радость, Печаль, Гнев, Спокойствие, Волнение,","Печаль = 3, Спокойствие = 5, Гнев = 6, Радость  = 4, Волнение = 1",,,, , ,,https://barmolodezh.ru/?utm_source=yandexmaps,849,290
31,Молодёжь,"Москва, Сущёвская ул., 21, стр. 8",Поке,Поке с цыплёнком,"Нежное филе цыпленка в сочетании с  овощами, где содержит гистидин, серотонин, омега-3, селена, железо, В12. Данное блюдо - ваш заряд энергии на весь день.;Б6,6 Ж5,7 У11 Кк182,7","Филе цыплёнка, яйцо куриное, салат чука, соевые бобы эдамамэ, помидоры-черри, огурец, кинза, имбирь, кунжут, соус соевый, соус устрично-медовый, соус устричный, мёд, соус чили сладкий, кинза, курица, мясо, яйца, бобы, помидоры, томаты, овощи, зелень",Стандартное,"Радость, Печаль, Гнев, Спокойствие, Волнение,","Волнение = 3, Спокойствие = 4, Гнев = 7, Печаль = 7, Радость = 5",,,, , ,,https://barmolodezh.ru/?utm_source=yandexmaps,549,360
32,Молодёжь,"Москва, Сущёвская ул., 21, стр. 8",Закуски,Брускетта с лососем,"Нежный лосось, свежие помидоры и ароматные травы - идеальное сочетание для вашего здоровья и благополучия. Омега-3, витамины группы В12, фосфор, калий сделают из любого человека здорового и счастливого.;Б9 Ж22,9 У11 Кк282,5","Чиабатта, подсолнечное масло, лосось, салат Айсберг, салат руккола, салат Романо, соус Цитронет, масло оливковое, лимон, мёд, сахар, соль, укроп, соль, икра масаго, огурец, хлеб, рыба, зелень, масло, икра",Стандартное,"Радость, Печаль, Гнев, Спокойствие, Волнение,","Волнение = 1, Гнев = 13, Радость = 12, Печаль = 4, Спокойствие  = 14",,,, , ,,https://barmolodezh.ru/?utm_source=yandexmaps,749,125
33,Молодёжь,"Москва, Сущёвская ул., 21, стр. 8",Закуски,Брускетта с ростбифом,"Витамины В12, цинк, железо, селен, содержащиеся в данном блюде принесут неоценимую пользу вашему здоровью и эмоциональному состоянию.;Б9,5 Ж17,2 У14,7 Кк244,5","Чиабатта, подсолнечное масло, соус перечный, сливки, соевый соус, перец, салат Айсберг, салат руккола, салат Романо, ростбиф, огурец, соль, сахар, уксус рисовый, перец чили, чеснок, укроп, вода, томат, лук, хлеб, масло, овощи, зелень, говядина, мясо",Стандартное,"Радость, Печаль, Гнев, Спокойствие, Волнение,","Гнев = 12, Волнение = 14, Радость = 13, Печаль = 3, Спокойствие  = 11",,,, , ,,https://barmolodezh.ru/?utm_source=yandexmaps,399,105
34,Молодёжь,"Москва, Сущёвская ул., 21, стр. 8",Закуски,Брускетта с сальсой из вяленых томатов и сыром,"Неисчерпаемым источником витаминов и минералов является брускетта с ароматной сальсой из вяленых томатов и сыром. Витамины С, Е, В, фосфор и железо, содержащиеся в данном блюде наполнят вас силами и эмоциональным зарядом.;Б9,5 Ж39,3 У13,9 Кк437","Чиабатта, подсолнечное масло, соус, томаты сушеные в масле, лук, лимон, петрушка, сыр моцарелла, зеленое масло, масло подсолнечное, перец, хлеб, масло, томаты, помидоры, овощи, цитрусы, зелень, сыр",Стандартное,"Радость, Печаль, Гнев, Спокойствие, Волнение,","Спокойствие = 3, Радость = 2, Гнев = 10, Печаль = 1, Волнение = 5",,,, , ,,https://barmolodezh.ru/?utm_source=yandexmaps,399,120
35,Молодёжь,"Москва, Сущёвская ул., 21, стр. 8",Закуски,Мясная гастрономия,"Данное блюдо, как батарейка. Находящиеся в его составе витамины группы В, железо, калий, фосфор сделают вас счастливее и заряженнее.;Б21,6 Ж22,4 У8,2 Кк322,6","Коппа, свинина, специи, кориандр, тмин, хмели-сунели, тимьян, фенхель, перец, соль морская, сахар, Брезаола, говядина, ростбиф, бекон, чеснок, можжевеловая ягода, хлебцы Гриссини, мясо, хлеб, зелень",Стандартное,"Радость, Печаль, Гнев, Спокойствие, Волнение,","Гнев = 5, Волнение = 4, Радость = 1, Печаль = 2, Спокойствие  = 4",,,, , ,,https://barmolodezh.ru/?utm_source=yandexmaps,899,138
36,Молодёжь,"Москва, Сущёвская ул., 21, стр. 8",Закуски,Лосось с/с с лимоном,"Блюдо из лосося с лимоном окунет вас в море вкусов. Рыба, богатая омегой-3, витаминами группы В12, фосфором и калием вдохновит вас на новые свершения.;Б16,5 Ж5,9 У3 Кк168","Лосось, лимон, рыба, цитрусы","Стандартное, диетическое","Радость, Печаль, Гнев, Спокойствие, Волнение,","Волнение = 6, Гнев = 11, Радость = 10, Печаль = 12, Спокойствие  = 9",,,, , ,,https://barmolodezh.ru/?utm_source=yandexmaps,899,70/15
37,Молодёжь,"Москва, Сущёвская ул., 21, стр. 8",Закуски,Масляная х/к с лимоном,"Масляная защищает вашу кожу и бережно заботится о вашем организме. Омега-3, витамины группы В12, фосфор, калий в ее составе улучшит кожный покров и вы станете чувствовать себя увереннее и привлекательнее.;Б18,5 Ж9,1 У0,7 Кк166","Масляная, лимон, цитрусы, рыба","Стандартное, диетическое","Радость, Печаль, Гнев, Спокойствие, Волнение,","Спокойствие= 6, Волнение = 11, Радость = 4, Печаль = 13, Гнев = 8",,,, , ,,https://barmolodezh.ru/?utm_source=yandexmaps,899,70/15
38,Молодёжь,"Москва, Сущёвская ул., 21, стр. 8",Закуски,Угорь г/к с лимоном,"Угорь с лимоном, содержащие витамины A, D, E и омегу-3, создают идеальное сочетание нежности и пользы для вашего организма.;Б15,9 Ж22 У4,9 Кк284","Угорь, лимон, рыба, цитрусы, морепродукты","Стандартное, диетическое","Радость, Печаль, Гнев, Спокойствие, Волнение,","Спокойствие = 7, Волнение = 8, Печаль = 5, Радость = 14, Гнев  = 3",,,, , ,,https://barmolodezh.ru/?utm_source=yandexmaps,1199,70/15
39,Молодёжь,"Москва, Сущёвская ул., 21, стр. 8",Закуски,Сырная тарелка,"Сырная тарелка, наполненная кальцием, фосфором, витамином А и РР, создает фундамент для ваших костей и здоровых зубов. Вы сможете дарить лучезарную улыбку окружающим вас людям.;Б13,7 Ж15,6 У19,1 Кк265,5","Сыр ""Дор-Блю"", сыр ""Пармезан"", сыр ""Моцарелла"", сыр ""Камамбер"", сыр копчёный ""Сулугуни"", грецкий орех, виноград, мёд, сыр, орехи, ягоды","Стандартное, диетическое, вегетарианство","Радость, Печаль, Гнев, Спокойствие, Волнение,","Волнение = 13, Гнев = 2, Радость = 5, Печаль = 14, Спокойствие  = 8",,,, , ,,https://barmolodezh.ru/?utm_source=yandexmaps,1199,150/120
40,Молодёжь,"Москва, Сущёвская ул., 21, стр. 8",Закуски,Овощная нарезка,"Овощная нарезка, наполненая витаминами С, Е, В, фосфором и железом, вызывает взрыв положительных эмоций.;Б1,2 Ж10,6 У4 Кк114,2","Помидоры, огурцы, сладкий перец, редис, зелёный лук, укроп, петрушка, овощи, перец, лук, зелень","Стандартное, диетическое, вегетарианство, сыроедение","Радость, Печаль, Гнев, Спокойствие, Волнение,","Печаль = 6, Волнение = 10, Спокойствие = 1, Радость = 8, Гнев  = 6",,,, , ,,https://barmolodezh.ru/?utm_source=yandexmaps,399,190
41,Молодёжь,"Москва, Сущёвская ул., 21, стр. 8",Закуски,Соленья,"Богатый клетчаткой и антиоксидантами состав поможет вам поддерживать пищеварение и общее благополучие организма.;Б1,2 Ж10,1 У3,5 Кк106","Огурец, помидоры-черри, капуста, острый перец, помидоры, томаты, овощи, перец","Стандартное, диетическое","Радость, Печаль, Гнев, Спокойствие, Волнение,","Печаль = 9, Спокойствие = 5, Гнев = 7, Радость  = 9, Волнение = 12",,,, , ,,https://barmolodezh.ru/?utm_source=yandexmaps,349,200
42,Молодёжь,"Москва, Сущёвская ул., 21, стр. 8",Закуски,Гарлики,"Простая, но вкусная закуска, с ярко выраженным вкусом чеснока, обогащенная кальцием, витамином C, РР, способствует здоровью сердца и сосудов.;Б12,7 Ж17,6 У54,3 Кк432,9","Чесночные гренки, сырный соус, хлеб, чеснок, сыр",Стандартное,"Радость, Печаль, Гнев, Спокойствие, Волнение,","Гнев = 4, Волнение = 9, Радость = 7, Печаль = 8, Спокойствие  = 2",,,, ,  ; 5,,https://barmolodezh.ru/?utm_source=yandexmaps,249,80/50
45,Молодёжь,"Москва, Сущёвская ул., 21, стр. 8",Закуски,Сельдь на жареном картофеле,"Морской деликатес содержит омегу-3, витамины группы В12, фосфор, калий, кальций, магний, цинк. После данного блюда вы будете щелкать любые задачи как орешки.;Б8,3 Ж26,2 У10,9 Кк312,2","Сельдь, картофель, лук красный маринованный, масло подсолнечное, соль, лук зеленый, рыба, лук, овощи, масло","Стандартное, диетическое","Радость, Печаль, Гнев, Спокойствие, Волнение,","Волнение = 3, Гнев = 14, Радость = 6, Печаль = 7, Спокойствие  = 13",,,, , ,,https://barmolodezh.ru/?utm_source=yandexmaps,399,280
46,Молодёжь,"Москва, Сущёвская ул., 21, стр. 8",Закуски,Малое пивное ассорти,"Пивное ассорти - праздник для вкусовых рецепторов, дарящий радость и удовольствие без лишних забот. Блюдо содержит витамины A, С, Е, В, фосфор, железо, кальций, РР.;Б8,8 Ж29,5 У17 Кк376,8","Колбаски: с пармезаном, пряные, мексиканские, сырные гренки, луковые кольца, гренки «Бородино», сырные палочки, картофельные чипсы, чесночный соус, соус «Барбекю», мясо, сыр, лук, хлеб, картофель, чеснок",Стандартное,"Радость, Печаль, Гнев, Спокойствие, Волнение,","Волнение = 6, Гнев = 11, Радость = 10, Печаль = 12, Спокойствие  = 9",,,, , ,,https://barmolodezh.ru/?utm_source=yandexmaps,1599,710/100
47,Молодёжь,"Москва, Сущёвская ул., 21, стр. 8",Закуски,Большое пивное ассорти,"Пивное ассорти - праздник для вкусовых рецепторов, дарящий радость и удовольствие без лишних забот. Блюдо содержит витамины A, С, Е, В, фосфор, железо, кальций, РР.;Б10,8 Ж19,8 У16,2 Кк312,9","Колбаски: с пармезаном, пряные, мексиканские, чупа-чупс из куриных крыльев, куриные джерки, сырные шарики, сырные палочки, гарлики, картофельные чипсы, чесночный соус, горчица, соус «Барбекю», мясо, сыр, курица, картофель",Стандартное,"Радость, Печаль, Гнев, Спокойствие, Волнение,","Гнев = 12, Волнение = 14, Радость = 13, Печаль = 3, Спокойствие  = 11",,,, , ,,https://barmolodezh.ru/?utm_source=yandexmaps,2499,920/150
48,Молодёжь,"Москва, Сущёвская ул., 21, стр. 8",Закуски,Колбаски Пряные с сыром,"В блюде содержится калий, кальций, магний и цинк. Сочное сочетание ароматных специй и нежного сыра, наполнит организм радостью и энергией.;Б9,3 Ж22,7 У3,6 Кк257,8","Колбаски, картофель-черри, горчица, мясо, картофель",Стандартное,"Радость, Печаль, Гнев, Спокойствие, Волнение,","Спокойствие = 3, Радость = 2, Гнев = 10, Печаль = 1, Волнение = 5",,,, , ,,https://barmolodezh.ru/?utm_source=yandexmaps,649,3шт/100/50
49,Молодёжь,"Москва, Сущёвская ул., 21, стр. 8",Закуски,Колбаски Мексиканские,"В блюде содержится калий, кальций, магний и цинк. Сочное сочетание ароматных специй и колбасок, подарит массу острых ощущений.;Б8,2 Ж19,9 У4,5 Кк228","Колбаски, картофель-черри, горчица, мясо, картофель",Стандартное,"Радость, Печаль, Гнев, Спокойствие, Волнение,","Гнев = 5, Волнение = 4, Радость = 1, Печаль = 2, Спокойствие  = 15",,,, , ,,https://barmolodezh.ru/?utm_source=yandexmaps,799,3шт/100/50
50,Молодёжь,"Москва, Сущёвская ул., 21, стр. 8",Закуски,Колбаски с Пармезаном и шпинатом,"В блюде содержится калий, кальций, магний и цинк, а сочное сочетание шпината и пармезана, придаст незабываемый вкус.;Б10,1 Ж13,4 У9 Кк278,3","Колбаски, картофель-черри, горчица, мясо, картофель",Стандартное,"Радость, Печаль, Гнев, Спокойствие, Волнение,","Волнение = 3, Гнев = 13, Радость = 12, Печаль = 4, Спокойствие  = 14",,,, , ,,https://barmolodezh.ru/?utm_source=yandexmaps,899,2шт/100/50
51,Молодёжь,"Москва, Сущёвская ул., 21, стр. 8",Закуски,Кесадилья с курицей,"Легкая и вкусная закуска, сожержащая кальций, витамины группы В, триптофан и йод, бережно ухаживает за вашим здоровьем и настроением.;Б9,6 Ж13,4 У14 Кк216,7","Пшеничная лепёшка, мясо, помидоры, перец халапеньо, шампиньоны, чеснок, сыр ""Чеддер"", соус ""Руж"", сметана, хлеб, томаты, овощи, перец, грибы, сыр",Стандартное,"Радость, Печаль, Гнев, Спокойствие, Волнение,","Спокойствие= 6, Волнение = 11, Радость = 4, Печаль = 13, Гнев = 8",,,, , ,,https://barmolodezh.ru/?utm_source=yandexmaps,699,280/100
52,Молодёжь,"Москва, Сущёвская ул., 21, стр. 8",Закуски,"Куриные крылышки ""Устрично-медовые""","Источник гистидина, серотонина, омеги-3, селена, железа, витамина В12, который подарит вам силу и жизненный оптимизм.;Б20,2 Ж17,6 У9 Кк278,3","Куриные крылышки, масло, устрично-медовый соус, морковь, сельдерей, соус Блю-чиз, курица, мясо, устрица, мед, овощи",Стандартное,"Радость, Печаль, Гнев, Спокойствие, Волнение,","Спокойствие = 7, Волнение = 8, Печаль = 5, Радость = 14, Гнев  = 19",,,, , ,,https://barmolodezh.ru/?utm_source=yandexmaps,799,290/50
53,Молодёжь,"Москва, Сущёвская ул., 21, стр. 8",Закуски,"Куриные крылышки ""Чили-Барбекю""","Источник гистидина, серотонина, омеги-3, селена, железа, витамина В12, который подарит вам силу, жизненный оптимизм и остые ощущения.;Б19,8 Ж17,6 У9,8 Кк276,2","Куриные крылышки, масло, чили соус, морковь, сельдерей, соус Блю-чиз, курица, мясо, овощи",Стандартное,"Радость, Печаль, Гнев, Спокойствие, Волнение,","Гнев = 4, Волнение = 9, Радость = 7, Печаль = 8, Спокойствие  = 2",,,, , ,,https://barmolodezh.ru/?utm_source=yandexmaps,799,290/50
54,Молодёжь,"Москва, Сущёвская ул., 21, стр. 8",Закуски,"Наггетсы ""Эскимо""","Наггетсы сожержат гистидин, серотонин, омегу-3, селен, железо, витамин В12. Это вкусная возможность побаловать себя без вреда для организма, оставаясь в форме и здоровье.;Б18,9 Ж20,8 У13,7 Кк315,5","Куриная грудка, сырный соус, курица, мясо, сыр",Стандартное,"Радость, Печаль, Гнев, Спокойствие, Волнение,","Печаль = 6, Волнение = 10, Спокойствие = 1, Радость = 8, Гнев  = 6",,,, , ,,https://barmolodezh.ru/?utm_source=yandexmaps,699,290/50
55,Молодёжь,"Москва, Сущёвская ул., 21, стр. 8",Закуски,"Тарелка ""Хот чикен""","Источник гистидина, серотонина, омеги-3, селена, железа, витамина В12, который подарит жизненный оптимизм и полет мыслей.;Б9,8 Ж14,5 У9,9 Кк240","Куриные крылышки ""Чили-Барбекю"", куриные джерки, куриные наггетсы-эскимо, чупа-чупс из куриных крыльев, картофельные чипсы, чесночный соус, сырный соус, курица, мясо, картофель, чеснок, сыр",Стандартное,"Радость, Печаль, Гнев, Спокойствие, Волнение,","Печаль = 9, Спокойствие = 5, Гнев = 17, Радость  = 9, Волнение = 12",,,, , ,,https://barmolodezh.ru/?utm_source=yandexmaps,2199,990/100
56,Молодёжь,"Москва, Сущёвская ул., 21, стр. 8",Закуски,"Гренки "" Бородино""","Простая, но вкусная закуска, с чесночным соусом, придающим незабываемый вкус. Гренки, обогащенные кальцием, витаминами группы В, триптофаном и йодом, способствуют здоровью сердца и сосудов.;Б5,9 Ж37,4 У30,3 Кк673","Гренки, чесночный соус, хлеб, чеснок",Стандартное,"Радость, Печаль, Гнев, Спокойствие, Волнение,","Волнение = 13, Гнев = 2, Радость = 5, Печаль = 21, Спокойствие  = 8",,,, , ,,https://barmolodezh.ru/?utm_source=yandexmaps,249,95/50
57,Молодёжь,"Москва, Сущёвская ул., 21, стр. 8",Закуски,Луковые кольца,"Хрустящее удовольствие, наполненное витаминами С, Е, В, фосфором, железом, поддерживающее ваш организм в тонусе и гармонии.;Б3,6 Ж37,8 У24 Кк549","Луковые кольца, соус ""Тар-тар"", лук","Стандартное, Диетическое, Вегетарианство, Веганство, Сыроедение","Радость, Печаль, Гнев, Спокойствие, Волнение,","Спокойствие = 10, Волнение = 2, Печаль = 11, Радость = 3, Гнев  = 9",,,, , ,,https://barmolodezh.ru/?utm_source=yandexmaps,349,130/50
58,Молодёжь,"Москва, Сущёвская ул., 21, стр. 8",Закуски,Сырные гренки,"Простая, но вкусная закуска, с сырным соусом, придающим незабываемый вкус. Гренки, обогащенные витаминами С, Е, В, фосфором и железом, сделают вас радостнее и позитивнее.;Б14,7 Ж12,6 У27,8 Кк334","Гренки, чеснок, укроп, хлеб, зелень","Стандартное, Вегетарианство,","Радость, Печаль, Гнев, Спокойствие, Волнение,","Гнев = 20, Волнение = 7, Радость = 11, Печаль = 10, Спокойствие  = 12",,,, , ,,https://barmolodezh.ru/?utm_source=yandexmaps,249,100
59,Молодёжь,"Москва, Сущёвская ул., 21, стр. 8",Закуски,Самбос с мясом,"Ароматная закуска, богатая кальцием, витаминами группы В, триптофаном, йодом, цинком, железом и селеном, укрепляющая ваш организм и настроение.;Б14,9 Ж16,9 У15 Кк263,8","Тесто, мраморная говядина, перец халапеньо, сыр «Чеддер», сметана, хлеб, говядина, мясо, перец, сыр",Стандартное,"Радость, Печаль, Гнев, Спокойствие, Волнение,","Волнение = 1, Гнев = 14, Радость = 6, Печаль = 7, Спокойствие  = 13",,,, , ,,https://barmolodezh.ru/?utm_source=yandexmaps,699,260/50
60,Молодёжь,"Москва, Сущёвская ул., 21, стр. 8",Закуски,Сырные шарики,"Сырные шарики порадуют вас своим оригинальным видом и насытят ваш организм кальцием и фосфором.;Б18 Ж50,2 У20,7 Кк602","Сырные шарики, ягодный соус или с тайский чили, сыр, ягоды","Стандартное, Вегетарианство","Радость, Печаль, Гнев, Спокойствие, Волнение,","Печаль = 19, Волнение = 15, Спокойствие = 4, Радость = 20, Гнев  = 1",,,, , ,,https://barmolodezh.ru/?utm_source=yandexmaps,549,150/50
61,Молодёжь,"Москва, Сущёвская ул., 21, стр. 8",Закуски,Сырные палочки,"Сырные палочки порадуют вас своим оригинальным видом и насытят ваш организм кальцием и фосфором.;Б16,4 Ж40,3 У31,4 Кк572","Сырные палочки, соус ""Сладкий чили"", сыр","Стандартное, Вегетарианство","Радость, Печаль, Гнев, Спокойствие, Волнение,","Печаль = 15, Волнение = 21, Спокойствие = 16, Радость = 17, Гнев  = 15",,,, , ,,https://barmolodezh.ru/?utm_source=yandexmaps,499,140/50
62,Молодёжь,"Москва, Сущёвская ул., 21, стр. 8",Закуски,Мини-чебуреки,"Блюдо содержит витамин В12, цинк, железо, селен, а сочное сочетание мяса и специй, дарит неописуемое удовольствие.;Б9,8 Ж56,9 У23,9 Кк756","Тесто, мраморная говядина, лук, перец, чесночный соус, хлеб, говядина, мясо, овощи, чеснок",Стандартное,"Радость, Печаль, Гнев, Спокойствие, Волнение,","Гнев = 3, Волнение = 18, Радость = 19, Печаль = 16, Спокойствие  = 17",,,, , ,,https://barmolodezh.ru/?utm_source=yandexmaps,679,200/50
63,Молодёжь,"Москва, Сущёвская ул., 21, стр. 8",Закуски,Френч чиз,"Данное блюдо, содержащее калий, кальций, магний, цинк не оставит вас равнодушным и осчастливит любого посетителя.;Б11,3 Ж16,5 У13,5 Кк250,2","Картофель, бекон, сыр, перец халапеньо, маринованный огурец, огурец, перец, мясо, овощи",Стандартное,"Радость, Печаль, Гнев, Спокойствие, Волнение,","Гнев = 18, Волнение = 20, Радость = 16, Печаль = 17, Спокойствие  = 21",,,, , ,,https://barmolodezh.ru/?utm_source=yandexmaps,549,190
64,Молодёжь,"Москва, Сущёвская ул., 21, стр. 8",Закуски,"Тарелка ""Хот фиш""","Морской деликатес, обогащающий витаминами А, D, E, К, бета-каротином, обязательно обрадует ваши вкусовые рецепторы.;Б6,2 Ж11,4 У8,6 Кк215","Креветки, мидии, стрипсы, картофельные чипсы, соус «Тар-тар», соус ""Васаби со сгущенкой"", морепродукты, моллюски, картофель",Стандартное,"Радость, Печаль, Гнев, Спокойствие, Волнение,","Волнение = 17, Гнев = 21, Радость = 18, Печаль = 20, Спокойствие  = 19",,,, , ,,https://barmolodezh.ru/?utm_source=yandexmaps,1899,540/100
65,Молодёжь,"Москва, Сущёвская ул., 21, стр. 8",Закуски,Стрипсы из кальмара,"Легкая и вкусная закуска, богатая калием, кальцием, магнием, цинком, поддержит вашу активность и жизненный тонус.;Б8,6 Ж21,4 У29 Кк390","Кальмар, картофельный крахмал, кляр, соль, соус «Васаби» со сгущёнкой, рыба, моллюски, картофель",Стандартное,"Радость, Печаль, Гнев, Спокойствие, Волнение,","Спокойствие = 18, Волнение = 19, Радость = 15, Печаль = 14, Гнев  = 16",,,, , ,,https://barmolodezh.ru/?utm_source=yandexmaps,499,210/50
66,Молодёжь,"Москва, Сущёвская ул., 21, стр. 8",Закуски,Воздушные креветки,"Морской деликатес, обогащающий витаминами А, D, E, К, бета-каротином, обязательно обрадует ваши вкусовые рецепторы.;Б22,5 Ж9,4 У22,45 Кк289,2","Креветки, соевый соус, лайм, картофельный крахмал, кляр, соль, соус «Васаби» со сгущёнкой, рыба, цитрусы, картофель",Стандартное,"Радость, Печаль, Гнев, Спокойствие, Волнение,","Волнение = 16, Гнев = 7, Радость = 14, Печаль = 18, Спокойствие  = 20",,,, , ,,https://barmolodezh.ru/?utm_source=yandexmaps,799,150/50
67,Молодёжь,"Москва, Сущёвская ул., 21, стр. 8",Горячие блюда,"Паста ""Фетуччини с морепродуктами""","Легкое и вкусное блюдо, богатое витаминами A, D, E, K и бета-каротином, поддерживающее здоровье сердца и мозга. ;Б10,9 Ж15 У18,2 Кк302,5","Паста фетуччини, креветки, мидии, кальмары, грибы Муэр, томатно-сливочный соус, лук, белое сухое вино, икра масаго, макароны, паста, морепродукты, моллюски, грибы, томаты, помидоры, икра",Стандартное,"Радость, Печаль, Гнев, Спокойствие, Волнение,","Печаль = 4, Гнев = 5, Волнение = 3, Спокойствие = 2, Радость = 1",,,, , ,,https://barmolodezh.ru/?utm_source=yandexmaps,799,340
68,Молодёжь,"Москва, Сущёвская ул., 21, стр. 8",Горячие блюда,"Паста ""Ньокки с креветками""","Изысканное сочетание теста и морепродуктов, дарящее вкусовое наслаждение и полезные вещества для организма. Содержит калий, кальций, магний, цинк, которые улучшат ваше самоощущение.;Б10,4 Ж15,5 У20,9 Кк347","Картофельные ньокки, креветки, рыбный соус, белое вино, помидоры, болгарский перей, сыр Пармезан, соевый соус, масло сливочное, картофель, рыба, моллюски, томаты, овощи, перец, сыр, морепродукты",Стандартное,"Радость, Печаль, Гнев, Спокойствие, Волнение,","Печаль = 1, Гнев = 2, Волнение = 5, Спокойствие = 4, Радость = 3",,,, , ,,https://barmolodezh.ru/?utm_source=yandexmaps,799,300
69,Молодёжь,"Москва, Сущёвская ул., 21, стр. 8",Горячие блюда,"Паста ""Фетучини с курицей и грибами""","Легкое и вкусное блюдо, богатое кальцием, витаминами группы В, триптофаном, йодом. Вы почувствуете прилив сил и будете радоваться каждому моменту жизни.;Б10 Ж10,4 У18,5 Кк267,75","Фетучини, томатный соус, белое сухое вино, стручковая фасоль, шампиньоны, лук, специи, сыр Пармезан, соль, макароны, спагетти, томаты, помидоры, фасоль, грибы, сыр",Стандартное,"Радость, Печаль, Гнев, Спокойствие, Волнение,","Печаль = 2, Гнев = 1, Волнение = 4, Спокойствие = 3, Радость = 5",,,, , ,,https://barmolodezh.ru/?utm_source=yandexmaps,599,290
70,Молодёжь,"Москва, Сущёвская ул., 21, стр. 8",Горячие блюда,"Паста ""Спагетти Карбонара""","Питательное и вкусное блюдо, наполняющее организм энергией и радостью от жизни. Все это благодаря содержащимся витаминам группы В, железу, калию и фосфору.;Б12,6 Ж10,4 У18,5 Кк267,8","Спагетти, бекон, сливочный соус, белое вино, лук, чеснок, тимьян, сыр ""Пармезан"", яичный желток, макароны, мясо, сливки, сыр, яйца, зелень",Стандартное,"Радость, Печаль, Гнев, Спокойствие, Волнение,","Печаль = 3, Гнев = 4, Волнение = 1, Спокойствие = 5, Радость = 2",,,, , ,,https://barmolodezh.ru/?utm_source=yandexmaps,649,260
71,Молодёжь,"Москва, Сущёвская ул., 21, стр. 8",Горячие блюда,"Паста ""Фарфале с лососем""","Нежное сочетание пасты и рыбы, обогащающее организм кальцием, витаминами группы В, йодом, и радующее вкусовые рецепторы каждого попробовавшего.;Б9,8 Ж12,8 У24,8 Кк328,6","Фарфале, сливочный соус, белое сухое вино, лук, специи, сыр ""Пармезан"", соус ""Терияке"", сливки, сыр, макароны, спагетти",Стандартное,"Радость, Печаль, Гнев, Спокойствие, Волнение,","Гнев = 3, Волнение = 2, Радость = 4, Печаль = 5, Спокойствие  = 1",,,, , ,,https://barmolodezh.ru/?utm_source=yandexmaps,999,260
72,Молодёжь,"Москва, Сущёвская ул., 21, стр. 8",Горячие блюда,"Пицца ""Мексикано""","Сочное сочетание теста, свинины, курицы и помидоров, наполняющее организм витаминами и радостью. Содрежит кальций, витамины группы В, триптофан, йод, железо, калий, фосфор, A, PP.;Б10,5 Ж12,2 У30,1 Кк275,8","Тесто для пиццы, свинина, курица, помидоры, сладкий перец, халапеньо, сыр «Моцарелла», томатный соус, кинза, хлеб, мясо, томаты, овощи, перец, сыр, зелень",Стандартное,"Радость, Печаль, Гнев, Спокойствие, Волнение,","Спокойствие = 3, Радость = 2, Гнев = 9, Печаль = 1, Волнение = 5",,,, , ,,https://barmolodezh.ru/?utm_source=yandexmaps,899,480
73,Молодёжь,"Москва, Сущёвская ул., 21, стр. 8",Горячие блюда,"Пицца ""Пепперони""","Сочное сочетание теста, сыров и томатного соуса, наполняющее организм витаминами и радостью. Содрежит кальций, витамины группы В, триптофан, йод, фосфор, А, РР.;Б12,2 Ж13,7 У30,1 Кк275,8","Тесто для пиццы, саляме, сыр"" Моцарелла"", томатный соус, хлеб, сыр, томаты, помидоры, колбаса",Стандартное,"Радость, Печаль, Гнев, Спокойствие, Волнение,","Гнев = 5, Волнение = 4, Радость = 1, Печаль = 2, Спокойствие  = 4",,,, , ,,https://barmolodezh.ru/?utm_source=yandexmaps,849,380
74,Молодёжь,"Москва, Сущёвская ул., 21, стр. 8",Горячие блюда,"Пицца ""Четыре сыра""","Сочное сочетание теста, разных видов сыров и томатного соуса, наполняющее организм витаминами и радостью. Содрежит кальций, витамины группы В, триптофан, йод, фосфор, А, РР.;Б13,8 Ж13,4 У33 Кк309","Тесто для пиццы, сыр ""Моцарелла"", сыр ""Пармезан"", сыр копчёный ""Скаморца"", сыр ""Дор Блю"", томатный соус, хлеб, сыр, томаты, помидоры",Стандартное,"Радость, Печаль, Гнев, Спокойствие, Волнение,","Волнение = 6, Гнев = 1, Радость = 3, Печаль = 4, Спокойствие  = 9",,,, , ,,https://barmolodezh.ru/?utm_source=yandexmaps,999,420
75,Молодёжь,"Москва, Сущёвская ул., 21, стр. 8",Горячие блюда,"Пицца ""Цезарь""","Сочное сочетание теста, куриной грудки, помидоров-черри и сыра, наполняющее организм витаминами и радостью. Содрежит кальций, витамины группы В, триптофан, йод, гистидин, серотонин, омегу-3, селен, железо.;Б13,8 Ж13,4 У33 Кк309","Тесто для пиццы, куриная грудка, помидоры-черри, сыр ""Моцарелла, салат романо, сыр ""Пармезан"", соус ""Цезарь"", хлеб, курица, мясо, помидоры, томаты, овощи, сыр",Стандартное,"Радость, Печаль, Гнев, Спокойствие, Волнение,","Спокойствие= 6, Волнение = 7, Радость = 4, Печаль = 3, Гнев = 8",,,, , ,,https://barmolodezh.ru/?utm_source=yandexmaps,1199,480
76,Молодёжь,"Москва, Сущёвская ул., 21, стр. 8",Горячие блюда,"Пицца ""Цыпленок с грибами""","Сочное сочетание теста, куриного филе, шампиньонов и сыра, наполняющее организм витаминами и радостью. Содрежит кальций, витамины группы В, триптофан, йод, гистидин, серотонин, омегу-3, селен, железо.;Б12,7 Ж8,4 У33,3 Кк260","Куриное филе, шампиньоны, сыр ""Моцарелла"", лук-фри, соус ""Бешамель"", курица, мясо, грибы, сыр, лук",Стандартное,"Радость, Печаль, Гнев, Спокойствие, Волнение,","Спокойствие = 7, Волнение = 8, Печаль = 5, Радость = 6, Гнев  = 3",,,, , ,,https://barmolodezh.ru/?utm_source=yandexmaps,829,440
77,Молодёжь,"Москва, Сущёвская ул., 21, стр. 8",Горячие блюда,"Пицца ""Плоский чизбургер""","Сочное сочетание теста, говядины, помидоров и огурцов, наполняющее организм витаминами и радостью. Содрежит кальций, витамины группы В, триптофан, йод, цинк, железо, селен.;Б11 Ж9,4 У23 Кк221,8","Тесто для пиццы, мраморная говядина, помидоры, маринованные огурцы, красный лук, перец халапеньо, сыр «Чеддер», сыр «Моцарелла», томатный соус, хлеб, говядина, мясо, томаты, овощи, огурцы, лук, перец, сыр",Стандартное,"Радость, Печаль, Гнев, Спокойствие, Волнение,","Волнение = 3, Гнев = 2, Радость = 5, Печаль = 7, Спокойствие  = 8",,,, , ,,https://barmolodezh.ru/?utm_source=yandexmaps,999,580
78,Молодёжь,"Москва, Сущёвская ул., 21, стр. 8",Горячие блюда,"Пицца ""Карбонара""","Сочное сочетание теста, ветчины, бекона и сыра, наполняющее организм витаминами и радостью. Содрежит кальций, витамины группы В, триптофан, йод, цинк, железо, селен.;Б13,6 Ж15,2 У26,3 Кк265,5","Тесто для пиццы, ветчина, бекон, сыр «Моцарелла», сыр ""Пармезан"", яйцо, сливочно-сырный соус, хлеб, мясо, колбаса, сыр",Стандартное,"Радость, Печаль, Гнев, Спокойствие, Волнение,","Печаль = 6, Волнение = 2, Спокойствие = 1, Радость = 8, Гнев  = 6",,,, , ,,https://barmolodezh.ru/?utm_source=yandexmaps,949,470
79,Молодёжь,"Москва, Сущёвская ул., 21, стр. 8",Горячие блюда,"Пицца ""Маргарита""","Сочное сочетание теста, свинины, курицы и помидоров, наполняющее организм витаминами и радостью. Содрежит кальций, витамины группы В, триптофан, йод, фосфор, А, РР.;Б9,4 Ж15,2 У36,8 Кк265,5","Тесто для пиццы, сыр ""Моцарелла"", помидоры, томатный соус, хлеб, сыр, томаты, овощи",Стандартное,"Радость, Печаль, Гнев, Спокойствие, Волнение,","Печаль = 9, Спокойствие = 5, Гнев = 7, Радость  = 9, Волнение = 1",,,, , ,,https://barmolodezh.ru/?utm_source=yandexmaps,699,380
80,Молодёжь,"Москва, Сущёвская ул., 21, стр. 8",Горячие блюда,"Пицца ""Мясная""","Сочное сочетание теста, пепперони, салями и куриного филе, наполняющее организм витаминами и радостью. Содрежит кальций, витамины группы В, триптофан, йод, гистидин, серотонин, омега-3, селен, железо.;Б14,2 Ж13,1 У33,9 Кк311,1","Тесто для пиццы, пепперони, салями, куриное филе, бекон, сыр ""Моцарелла"", соус томатный, соус ""Барбекю"", хлеб, колбаса, мясо, курица, сыр, томаты, помидоры",Стандартное,"Радость, Печаль, Гнев, Спокойствие, Волнение,","Гнев = 4, Волнение = 9, Радость = 7, Печаль = 8, Спокойствие  = 2",,,, , ,,https://barmolodezh.ru/?utm_source=yandexmaps,949,450
81,Молодёжь,"Москва, Сущёвская ул., 21, стр. 8",Горячие блюда,"Бургер ""Нью-Йорк""","Сочное сочетание мяса, овощей и сыра, дарящее удовольствие. Содержит витамин В12, цинк, железо, селен.;Б12,3 Ж24,1 У14,4 Кк323,1","Мраморная говядина, бекон, помидоры, маринованные огурцы, листья салата, лук-фри, сыр «Чеддер, булочка ""Бриошь"", бургер-соус, говядина, мясо, овощи, огурцы, лук, сыр, хлеб",Стандартное,"Радость, Печаль, Гнев, Спокойствие, Волнение,","Спокойствие = 1, Радость  = 2, Гнев = 3, Печаль = 4, Волнение = 7",,,, , ,,https://barmolodezh.ru/?utm_source=yandexmaps,849,330
82,Молодёжь,"Москва, Сущёвская ул., 21, стр. 8",Горячие блюда,"Бургер ""Сырный Бро""","Бургеры - это не только вкусное удовольствие, но и ценный источник питательных веществ, в них содержатся витамин В12, цинк, железо, селен.;Б12,4 Ж23,5 У16,5 Кк322","Мраморная говядина, помидоры, салат Айсберг, лук-фри, сыры «Чеддер», сыр сливочный, бургер-соус, булочка ""Бриошь"", говядина, мясо, томаты, овощи, лук, сыр, хлеб, зелень",Стандартное,"Радость, Печаль, Гнев, Спокойствие, Волнение,","Радость = 1, Спокойствие = 2, Гнев = 4, Печаль = 5, Волнение = 5",,,, , ,,https://barmolodezh.ru/?utm_source=yandexmaps,849,325
83,Молодёжь,"Москва, Сущёвская ул., 21, стр. 8",Горячие блюда,"Бургер ""Цыпабургер""","Бургеры - это не только вкусное удовольствие, но и ценный источник питательных веществ, в них содержатся гистидин, серотонин, омега-3, селен, железо, В12.;Б12,3 Ж8,9 У22,2 Кк269,4","Котлета куриная, подсолнечное масло, помидоры, огурцы малосольные, салат Айсберг, булочка Бриошь, соус Руй, сыр Чеддер, курица, мясо, масло, томаты, овощи, огурцы, хлеб, сыр",Стандартное,"Радость, Печаль, Гнев, Спокойствие, Волнение,","Печаль = 3, Спокойствие = 5, Гнев = 6, Радость  = 4, Волнение = 1",,,, , ,,https://barmolodezh.ru/?utm_source=yandexmaps,599,330
84,Молодёжь,"Москва, Сущёвская ул., 21, стр. 8",Горячие блюда,"Бургер ""Брянский парень""","Бургер приносит удовольствие и ценный поток питательных веществ, в нем содержится витамин В12, цинк, железо, селен.;Б10,7 Ж19,4 У16,8 Кк283,3","Мраморная говядина, грибной жульен с луком, малосольные огурцы, салат Айсберг, булочка Бриошь, соус Бургер, говядина, мясо, грибы, лук, огурцы, овощи, хлеб",Стандартное,"Радость, Печаль, Гнев, Спокойствие, Волнение,"," Печаль = 2, Гнев = 1, Спокойствие = 3, Радость  = 4, Волнение = 6",,,, , ,,https://barmolodezh.ru/?utm_source=yandexmaps,749,340
85,Молодёжь,"Москва, Сущёвская ул., 21, стр. 8",Горячие блюда,"Бургер ""Чикенбургер комбо""","Чикенбургер комбо содержит большое количество калия, кальция, магния и цинка. Вы быстро насытитесь и получите удовлетворение от приема пищи.;Б0,4 Ж2,3 У48 Кк207,6","Чикенбургер, картофель на выбор: фри или дольки, соус на выбор, напиток на выбор: кола или чай, мясо, курица, картофель, помидоры, томаты",Стандартное,"Радость, Печаль, Гнев, Спокойствие, Волнение,","Волнение = 3, Спокойствие = 4, Гнев = 7, Печаль = 7, Радость = 5",,,, , ,,https://barmolodezh.ru/?utm_source=yandexmaps,399,390/50/250
86,Молодёжь,"Москва, Сущёвская ул., 21, стр. 8",Горячие блюда,"Бургер ""Чизбургер комбо""","Чизбургер комбо содержит большое количества калия, кальция, магния, цинка. Вы быстро насытитесь и получите удовлетворение от приема пищи.;Б6,2 Ж7,5 У69 Кк377","Чизбургер, картофель на выбор: фри или дольки, соус на выбор, напиток на выбор: кола или чай, сыр, мясо, помидоры, томаты, хлеб, картофель",Стандартное,"Радость, Печаль, Гнев, Спокойствие, Волнение,"," Спокойствие = 7, Радость = 6, Гнев = 5, Печаль = 6, Волнение = 2",,,, , ,,https://barmolodezh.ru/?utm_source=yandexmaps,399,390/50/250
87,Молодёжь,"Москва, Сущёвская ул., 21, стр. 8",Горячие блюда,"Клубный сэндвич ""Молодёжь""","Сэндвич ""Молодежь"" содержит витамин В12, цинк, железо, селен, гистидин, серотонин, омегу-3. Особый вкус клубного сэндвича не оставит вас равнодушным, а быстрое насыщение и подарит вам удовлетворение от приема пищи.;Б11 Ж14,6 У25,4 Кк418,4","Тесто для пиццы, филе цыплёнка, бекон, яйцо, помидоры, хлеб ""Фокачча"", сыр ""Моцарелла"", салат Айсберг, соус сэндвич, хлеб, цыпленок, курица, мясо, томаты, овощи, сыр",Стандартное,"Радость, Печаль, Гнев, Спокойствие, Волнение,","Спокойствие = 6, Радость = 7, Гнев = 2, Печаль = 1, Волнение = 4",,,, , ,,https://barmolodezh.ru/?utm_source=yandexmaps,549,300
88,Молодёжь,"Москва, Сущёвская ул., 21, стр. 8",Хлеб,Фокачча с пармезаном,"Основа здорового питания, наполняющая организм энергией и полезными веществами. Содержит кальций, витамины группы В, триптофан, йод.","Итальянский хлеб, сыр ""Пармезан""",Стандартное,"Радость, Печаль, Гнев, Спокойствие, Волнение,","Радость = 1, Спокойствие= 3, Волнение = 2, Печаль = 4",,,, , ,,https://barmolodezh.ru/?utm_source=yandexmaps,349,210
89,Молодёжь,"Москва, Сущёвская ул., 21, стр. 8",Хлеб,Фокачча с розмарином,"Основа здорового питания, наполняющая организм энергией и полезными веществами. Содержит кальций, витамины группы В, триптофан, йод.","Итальянский хлеб, розмарин",Стандартное,"Радость, Печаль, Гнев, Спокойствие, Волнение,","Радость = 3, Спокойствие= 2, Волнение = 3, Печаль = 1",,,, , ,,https://barmolodezh.ru/?utm_source=yandexmaps,189,210
90,Молодёжь,"Москва, Сущёвская ул., 21, стр. 8",Хлеб,Фокачча с песто,"Основа здорового питания, наполняющая организм энергией и полезными веществами. Содержит кальций, витамины группы В, триптофан, йод.","Итальянский хлеб, соус ""Песто""",Стандартное,"Радость, Печаль, Гнев, Спокойствие, Волнение,","Спокойствие = 1, Волнение = 4, Печаль = 3, Радость = 2, ",,,, , ,,https://barmolodezh.ru/?utm_source=yandexmaps,299,210
91,Молодёжь,"Москва, Сущёвская ул., 21, стр. 8",Хлеб,Фокачча-ассорти,"Основа здорового питания, наполняющая организм энергией и полезными веществами. Содержит кальций, витамины группы В, триптофан, йод, фосфор, А, РР.","Итальянский хлеб, сыр ""Пармезан"", розмарин, соус ""Песто""",Стандартное,"Радость, Печаль, Гнев, Спокойствие, Волнение,","Спокойствие = 4, Волнение = 1, Печаль = 2, Радость = 4, ",,,, , ,,https://barmolodezh.ru/?utm_source=yandexmaps,289,210
95,Молодёжь,"Москва, Сущёвская ул., 21, стр. 8",Дары моря,Жареные креветки в соусе дор блю,"Нежное сочетание морепродуктов и изысканного соуса, обогащающее организм витаминами А, D, Е, К, бета-каротином и поддерживающее здоровье сердца и сосудов.;Б19,5 Ж31,1 У6,5 Кк386","Креветки, винно-чесночный соус, чиабатта, рыба, хлеб, морепродукты",Стандартное,"Радость, Печаль, Гнев, Спокойствие, Волнение,","Волнение = 6, Гнев = 5, Радость = 3, Печаль = 4, Спокойствие  = 2",,,, , ,,https://barmolodezh.ru/?utm_source=yandexmaps,999,200/25
96,Молодёжь,"Москва, Сущёвская ул., 21, стр. 8",Дары моря,Жареные креветки в соусе том-ям,"Острое и ароматное блюдо, наполненное витаминами А, D, Е, К, бета-каротином и дарящее организму энергию и радость от приятного ужина.;Б17 Ж31,6 У6,5 Кк405,5","Креветки, соус том-ям, чиабатта, кинза, лайм, рыба, хлеб, зелень, цитрусы, морепродукты",Стандартное,"Радость, Печаль, Гнев, Спокойствие, Волнение,","Спокойствие= 6, Волнение = 2, Радость = 4, Печаль = 3, Гнев = 8",,,, , ,,https://barmolodezh.ru/?utm_source=yandexmaps,999,200/25
97,Молодёжь,"Москва, Сущёвская ул., 21, стр. 8",Дары моря,Стейк тунца,"Стейк тунца - богатый источник омега-3, витаминов группы В12, фосфора, калия, дарящий силу и энергию для активной жизни.;Б8,1 Ж19,5 У4,1 Кк334,3","Тунец, соевый соус, лайм, рис, уксус, сахар, соль, соус, кунжут, рыба, цитрусы",Стандартное,"Радость, Печаль, Гнев, Спокойствие, Волнение,","Спокойствие = 4, Волнение = 1, Печаль = 5, Радость = 6, Гнев  = 3",,,, , ,,https://barmolodezh.ru/?utm_source=yandexmaps,849,255
98,Молодёжь,"Москва, Сущёвская ул., 21, стр. 8",Дары моря,Стейк лосося,"Источник омеги-3, витаминов группы В12, фосфора, калия, поддерживающий здоровье кожи, волос и ногтей, а также укрепляющий иммунитет и сердечно-сосудистую систему.;Б11,9 Ж20,3 У4,4 Кк273,2","Стейк лосося, кабачки, подсолнечное масло, соус «Белое вино», зелёное масло, икра масаго, лосось, рыба, овощи, икра","Стандартное, Диетическое","Радость, Печаль, Гнев, Спокойствие, Волнение,","Волнение = 4, Гнев = 2, Радость = 5, Печаль = 6, Спокойствие  = 1",,,, , ,,https://barmolodezh.ru/?utm_source=yandexmaps,1199,195
99,Молодёжь,"Москва, Сущёвская ул., 21, стр. 8",Мясо и птица,Шашлык по-кавказски свиной,"Сочное мясо на гриле, богатое витаминами В, железом, калием, фосфором, поддерживающее вашу физическую форму и здоровье.;Б13 Ж26,4 У17,1 Кк357,7","Свинина, севанская приправа, лук, соль, маринованный лук, кинза, соус Руж, мясо, зелень",Стандартное,"Радость, Печаль, Гнев, Спокойствие, Волнение,","Спокойствие = 3, Радость = 2, Гнев = 10, Печаль = 1, Волнение = 5",,,, , ,,https://barmolodezh.ru/?utm_source=yandexmaps,699,300/50
100,Молодёжь,"Москва, Сущёвская ул., 21, стр. 8",Мясо и птица,Шашлык по-кавказски куриный,"Сочное мясо на гриле, богатое гистидином, серотонином, омегой-3, селеном, железом и В12, которое поддержит вашу физическую форму и здоровье.;Б15,5 Ж9,4 У17,1 Кк212,3","Куриное филе, севанская приправа, лук, соль, маринованный луком, кинза, соус Руж, мясо, курица, зелень","Стандартное, Диетическое","Радость, Печаль, Гнев, Спокойствие, Волнение,","Гнев = 5, Волнение = 4, Радость = 1, Печаль = 2, Спокойствие  = 4",,,, , ,,https://barmolodezh.ru/?utm_source=yandexmaps,699,300/50
101,Молодёжь,"Москва, Сущёвская ул., 21, стр. 8",Мясо и птица,Стейк стриплойн,"Легкий, белковый продукт, поддерживающий мышечную массу и обмен веществ, обеспечивая организм необходимыми питательными веществами для активной жизни. Содержит витамин В12, цинк, железо, селен.;Б20,8 Ж40,3 У1,6 Кк451,8","Говяжий стейк, масло подсолнечное, соль, перец, тимьян, чеснок, лук фри, говядина, мясо, лук, зелень",Стандартное,"Радость, Печаль, Гнев, Спокойствие, Волнение,","Волнение = 6, Гнев = 11, Радость = 10, Печаль = 4, Спокойствие  = 9",,,, , ,,https://barmolodezh.ru/?utm_source=yandexmaps,1699,270
102,Молодёжь,"Москва, Сущёвская ул., 21, стр. 8",Мясо и птица,Филе миньон,"Нежное и сочное мясо, богатое витамином В12, цинком, железом, селеном, способствующее укреплению иммунитета и поддержанию здоровой мышечной ткани.;Б24,4 Ж44,7 У5,9 Кк521,5","Филе говяжьей вырезки, масло подсолнечное, соль, перец, тимьян, чеснок, лук фри, говядина, мясо",Стандартное,"Радость, Печаль, Гнев, Спокойствие, Волнение,","Спокойствие= 6, Волнение = 11, Радость = 4, Печаль = 3, Гнев = 8",,,, , ,,https://barmolodezh.ru/?utm_source=yandexmaps,1699,160
103,Молодёжь,"Москва, Сущёвская ул., 21, стр. 8",Мясо и птица,Курица по-тайски,"Ароматное блюдо, богатое гистидином, серотонином, омегой-3, селеном, железом, витамином В12, поддерживающее энергию и жизненный тонус организма.;Б15,6 Ж8 У8,2 Кк170,8","Куриная грудка, мёд, соевый соус, сладкий чили соус, овощи-гриль, арахис, кинза, курица, мясо, овощи, орехи, зелень","Стандартное, Диетическое","Радость, Печаль, Гнев, Спокойствие, Волнение,","Спокойствие = 7, Волнение = 8, Печаль = 5, Радость = 6, Гнев  = 3",,,, , ,,https://barmolodezh.ru/?utm_source=yandexmaps,699,280
104,Молодёжь,"Москва, Сущёвская ул., 21, стр. 8",Мясо и птица,Томлёные говяжьи щёчки,"Нежное мясо, богатое витамином В12, цинком, железом, селеном, способствующее здоровому обмену веществ и поддержанию мышечной ткани.;Б9,6 Ж64,3 У20,8 Кк818,5","Говядина, лук, морковь, сельдерей стебель, чеснок, томатная паста, картофельные ньокки, грибной жульен, гречневый поп-корн, лук, мясо, овощи, помидоры, томаты, картофель, грибы, греча",Стандартное,"Радость, Печаль, Гнев, Спокойствие, Волнение,","Волнение = 3, Гнев = 2, Радость = 5, Печаль = 7, Спокойствие  = 8",,,, , ,,https://barmolodezh.ru/?utm_source=yandexmaps,849,320
105,Молодёжь,"Москва, Сущёвская ул., 21, стр. 8",Мясо и птица,Свиной стейк,"Нежное мясо, богатое витами В, железом, калием, фосфором, которое поддержит ваш организм в тонусе и энергии.;Б11,6 Ж28,7 У14,4 Кк365,1","Свиная шея, картофель, подсолнечное масло, соус «Черносмородиновый Барбекю», свинина, мясо, овощи",Стандартное,"Радость, Печаль, Гнев, Спокойствие, Волнение,","Печаль = 6, Волнение = 10, Спокойствие = 1, Радость = 8, Гнев  = 6",,,, , ,,https://barmolodezh.ru/?utm_source=yandexmaps,899,370
106,Молодёжь,"Москва, Сущёвская ул., 21, стр. 8",Мясо и птица,Стейк Скёрт,"Сочное мясо, обогащенное гистидином, серотонином, омегой-3, селеном, железом и витамином В12, укрепляющее иммунитет и поддерживающее здоровье.;Б18,4 Ж30 У1,4 Кк349","Стейк, бык, масло, сливки, соус соевый, перец чёрный, мясо, молочный продукт, специи, приправа",Стандартное,"Радость, Печаль, Гнев, Спокойствие, Волнение,","Печаль = 9, Спокойствие = 5, Гнев = 7, Радость  = 9, Волнение = 1",,,, , ,,https://barmolodezh.ru/?utm_source=yandexmaps,799,160/50
107,Молодёжь,"Москва, Сущёвская ул., 21, стр. 8",Мясо и птица,Медальоны из говядины,"Источник В12, цинка, железа, селена, необходимых для поддержания здоровья крови и мышц, обеспечения организма необходимыми питательными веществами.;Б11,6 Ж19 У3,2 Кк230,3","Говяжья вырезка, кабачки, помидоры, перечный соус, зелёное масло, соль, говядина, мясо, овощи, томаты",Стандартное,"Радость, Печаль, Гнев, Спокойствие, Волнение,","Гнев = 4, Волнение = 9, Радость = 7, Печаль = 8, Спокойствие  = 2",,,, , ,,https://barmolodezh.ru/?utm_source=yandexmaps,1499,320
108,Молодёжь,"Москва, Сущёвская ул., 21, стр. 8",Мясо и птица,Бефстроганов с крокетом,"Насыщенное блюдо с мягким мясом обогащающее организм энергией и питательными веществами для полноценного питания. Содержит витамин В12, цинк, железо и селен.;Б6,4 Ж27,6 У5,3 Кк295,8","Стриплойн, сливочно-устричный соус, картофельный крокет, лук-фри, малосольные огурцы, говядина, мясо, картофель, овощи, лук, огурцы",Стандартное,"Радость, Печаль, Гнев, Спокойствие, Волнение,","Спокойствие = 10, Волнение = 2, Печаль = 11, Радость = 3, Гнев  = 9",,,, , ,,https://barmolodezh.ru/?utm_source=yandexmaps,749,290
109,Молодёжь,"Москва, Сущёвская ул., 21, стр. 8",Мясо и птица,Шепард Пай,"Традиционное блюдо с мясом и овощами, богатое витаминами С, Е, В, калием, кальцием, магнием, цинком, фосфором и железом. Блюдо укрепит иммунитет и порадует ваши вкусовые рецепторы. ;Б10,2 Ж13,4 У10,3 Кк203,5","Пирог из фарша и овощей, картофельное пюре, сыр «Чеддер», лук-фри, хлеб, мясо, овощи, картофель, лук",Стандартное,"Радость, Печаль, Гнев, Спокойствие, Волнение,","Гнев = 1, Волнение = 7, Радость = 3, Печаль = 10, Спокойствие  = 11",,,, , ,,https://barmolodezh.ru/?utm_source=yandexmaps,599,360
110,Молодёжь,"Москва, Сущёвская ул., 21, стр. 8",Гарниры,Картофель по-деревенски фри,"Нежный картофель с ароматными специями, обогащающий организм калием, кальцием, магнием, цинком и способствующий здоровому пищеварению.;Б2,3 Ж10,5 У18 Кк175,4","Картофельные дольки, специи, картофель, овощи","Стандартное, Диетическое, Вегетарианство, Веганство, Сыроедение","Радость, Печаль, Гнев, Спокойствие, Волнение,","Радость = 1, Спокойствие= 3, Волнение = 2, Печаль = 4",,,, , ,,https://barmolodezh.ru/?utm_source=yandexmaps,249,100
111,Молодёжь,"Москва, Сущёвская ул., 21, стр. 8",Гарниры,Овощи-гриль,"Легкая закуска, наполненная антоцианом и калием, поддерживающая вашу красоту и здоровье.;Б1,7 Ж3,3 У5,3 Кк58,4","Перец сладкий, помидоры-черри, кабачок, баклажаны, шампиньоны, ореган, чеснок, перец, помидоры, томаты, овощи, грибы","Стандартное, Диетическое, Вегетарианство, Веганство, Сыроедение","Радость, Печаль, Гнев, Спокойствие, Волнение,","Радость = 3, Спокойствие= 2, Волнение = 3, Печаль = 1",,,, , ,,https://barmolodezh.ru/?utm_source=yandexmaps,449,170
112,Молодёжь,"Москва, Сущёвская ул., 21, стр. 8",Гарниры,Картофель фри,"Хрустящие картофельные ломтики, богатые калием, кальцием, магнием, цинком и наполняющие организм энергией и радостью от вкусного перекуса. ;Б2 Ж80 У16 Кк973","Картофель, овощи","Стандартное, Диетическое, Вегетарианство, Веганство, Сыроедение","Радость, Печаль, Гнев, Спокойствие, Волнение,","Спокойствие = 1, Волнение = 4, Печаль = 3, Радость = 2, ",,,, , ,,https://barmolodezh.ru/?utm_source=yandexmaps,249,100
113,Молодёжь,"Москва, Сущёвская ул., 21, стр. 8",Гарниры,Картофельное пюре,"Нежное пюре из картофеля, богатое калием, кальцием, магнием, цином, способствует здоровью сердца и нервной системы.;Б2,2 Ж10,8 У12,8 Кк156,6","Картофель, молоко, масло сливочное, соль, овощи, масло","Стандартное, Вегетарианство","Радость, Печаль, Гнев, Спокойствие, Волнение,","Спокойствие = 4, Волнение = 1, Печаль = 2, Радость = 4, ",,,, , ,,https://barmolodezh.ru/?utm_source=yandexmaps,249,200
114,Молодёжь,"Москва, Сущёвская ул., 21, стр. 8",Соус,Блю - чиз,"Белки - 12,1; жиры - 23,7; углеводы - 2; энергетическая ценность - 272,9","Сыр Дор Блю, майонез","Стандартное, Вегетарианство","Радость, Печаль, Гнев, Спокойствие, Волнение,","Печаль = 1, Гнев = 2, Волнение = 4, Спокойствие = 3, Радость = 8",,,, ,  ; 5,,https://barmolodezh.ru/?utm_source=yandexmaps,99,50
115,Молодёжь,"Москва, Сущёвская ул., 21, стр. 8",Соус,Сырный,"Белки - 10,3; жиры - 14,9; углеводы - 5,4; энергетическая ценность - 197",Соус сырный,"Стандартное, Вегетарианство","Радость, Печаль, Гнев, Спокойствие, Волнение,","Волнение = 2, Гнев = 1, Радость = 6, Печаль = 4, Спокойствие  = 5",,,, , ,,https://barmolodezh.ru/?utm_source=yandexmaps,79,50
116,Молодёжь,"Москва, Сущёвская ул., 21, стр. 8",Соус,Сливочно-горчичный,"Белки - 3,6; жиры - 9,6; углеводы - 6,8; энергетическая ценность - 121,8","Горчица дижонская, сливки","Стандартное, Вегетарианство","Радость, Печаль, Гнев, Спокойствие, Волнение,","Печаль = 2, Гнев = 3, Волнение = 6, Спокойствие = 1, Радость = 4",,,, , ,,https://barmolodezh.ru/?utm_source=yandexmaps,79,50
117,Молодёжь,"Москва, Сущёвская ул., 21, стр. 8",Соус,Тар-тар,"Белки - 2,5; жиры - 7; углеводы - 3; энергетическая ценность - 422,9","Майонез, огурцы соленые, огурцы свежие, петрушка, чеснок, лук красный","Стандартное, Вегетарианство","Радость, Печаль, Гнев, Спокойствие, Волнение,","Радость = 7, Спокойствие= 8, Волнение = 1, Печаль = 3, Гнев  = 5",,,, , ,,https://barmolodezh.ru/?utm_source=yandexmaps,69,50
118,Молодёжь,"Москва, Сущёвская ул., 21, стр. 8",Соус,Кетчуп,"Белки - 1,74; жиры - 0,38; углеводы - 25; энергетическая ценность - 97",Кетчуп,"Стандартное, Диетическое, Вегетарианство","Радость, Печаль, Гнев, Спокойствие, Волнение,","Радость = 2, Спокойствие= 6, Волнение = 3, Печаль = 5, Гнев  = 4",,,, , ,,https://barmolodezh.ru/?utm_source=yandexmaps,69,50
119,Молодёжь,"Москва, Сущёвская ул., 21, стр. 8",Соус,Барбекю,"Белки - 0; жиры - 0; углеводы - 42,8; энергетическая ценность - 166",Барбекю,"Стандартное, Диетическое, Вегетарианство","Радость, Печаль, Гнев, Спокойствие, Волнение,","Радость = 1, Спокойствие= 2, Волнение = 5, Печаль = 6, Гнев  = 7",,,, , ,,https://barmolodezh.ru/?utm_source=yandexmaps,79,50
120,Молодёжь,"Москва, Сущёвская ул., 21, стр. 8",Соус,Чесночный,"Белки - 3,3; жиры - 6,2; углеводы - 4,3; энергетическая ценность - 586,2","Майонез, чеснок, укроп","Стандартное, Вегетарианство","Радость, Печаль, Гнев, Спокойствие, Волнение,","Печаль = 8, Гнев = 6, Волнение = 7, Спокойствие = 4, Радость = 5",,,, , ,,https://barmolodezh.ru/?utm_source=yandexmaps,59,50
121,Молодёжь,"Москва, Сущёвская ул., 21, стр. 8",Соус,Спайсд,"Белки - 2,1; жиры - 0,34; углеводы - 13,3; энергетическая ценность - 60,6","Майонез, соус кимчи, паприка молотая, масло кунжутное, соль, чеснок","Стандартное, Вегетарианство","Радость, Печаль, Гнев, Спокойствие, Волнение,","Волнение = 6, Печаль = 7 Радость = 3, Гнев = 8, Спокойствие  = 5",,,, , ,,https://barmolodezh.ru/?utm_source=yandexmaps,69,50
122,Молодёжь,"Москва, Сущёвская ул., 21, стр. 8",Соус,Руж,"Белки - 3,8; жиры - 7,2; углеводы - 3,9; энергетическая ценность - 570,3","Кетчуп томатный, соевый соус, сахар, томаты, соль, перец болгарский, лук красный, чеснок, перец чили, кинза","Стандартное, Вегетарианство, Веганство","Радость, Печаль, Гнев, Спокойствие, Волнение,","Печаль = 1, Гнев = 2, Волнение = 3, Спокойствие = 4, Радость = 5",,,, , ,,https://barmolodezh.ru/?utm_source=yandexmaps,79,50
123,Молодёжь,"Москва, Сущёвская ул., 21, стр. 8",Десерты,Мороженое шоколадное,"Насыщенное кальцием, фосфором, витамином С удовольствие, которое поднимает настроение и радует вкусовые рецепторы, способствуя благополучию и гармонии.;Б3,8 Ж11 У28,2 Кк216","Мороженое шоколадное, мороженое, шоколад","Стандартное, Вегетарианство","Радость, Печаль, Гнев, Спокойствие, Волнение,","Спокойствие = 3, Радость = 2, Гнев = 10, Печаль = 1, Волнение = 5",,,, , ,,https://barmolodezh.ru/?utm_source=yandexmaps,299,100
124,Молодёжь,"Москва, Сущёвская ул., 21, стр. 8",Десерты,Мороженое ванильное,"Нежное и утонченное лакомство, богатое кальцием, фосфором, витамином С, поддерживающее здоровье нервной системы, создавая атмосферу комфорта и умиротворения.;Б4,62 Ж3,9 У33,8 Кк178","Мороженое ванильное, мороженое, ваниль","Стандартное, Вегетарианство","Радость, Печаль, Гнев, Спокойствие, Волнение,","Гнев = 5, Волнение = 4, Радость = 1, Печаль = 2, Спокойствие  = 4",,,, , ,,https://barmolodezh.ru/?utm_source=yandexmaps,299,100
125,Молодёжь,"Москва, Сущёвская ул., 21, стр. 8",Десерты,Мороженое Клубничное,"Сочное и освежающее удовольствие, наполненное кальцием, фосфором, витамином С, которое укрепляет иммунитет и дарит яркие моменты радости и веселья. ;Б4 Ж8 У28 Кк200","Мороженое Клубничное, мороженое, клубника, ягоды","Стандартное, Вегетарианство","Радость, Печаль, Гнев, Спокойствие, Волнение,","Волнение = 6, Гнев = 1, Радость = 10, Печаль = 4, Спокойствие  = 9",,,, , ,,https://barmolodezh.ru/?utm_source=yandexmaps,299,100
126,Молодёжь,"Москва, Сущёвская ул., 21, стр. 8",Десерты,Чизкейк,"Изысканный десерт, обогащающий организм кальцием, магнием, создающий атмосферу уюта и наслаждения.;Б5,1 Ж22,6 У32,6 Кк354,6","Чизкейк, карамельный соус, хлеб, карамель","Стандартное, Вегетарианство","Радость, Печаль, Гнев, Спокойствие, Волнение,","Спокойствие= 6, Волнение = 7, Радость = 4, Печаль = 3, Гнев = 8",,,, , ,,https://barmolodezh.ru/?utm_source=yandexmaps,349,120/20
127,Молодёжь,"Москва, Сущёвская ул., 21, стр. 8",Десерты,Яблочный штрудель,"Ароматное и нежное лакомство с кальцием, витаминами группы В, триптофаном и йодом, поддерживающее здоровье пищеварения и обмена веществ. Десерт приносит радость и удовольствие от каждого кусочка.;Б13,2 Ж27,7 У46,1 Кк485,4","Тесто, яблоко, грецкий орех, изюм, корица, ванильное мороженое, карамельный соус, хлеб, фрукты, орехи, ваниль, мороженое, карамель","Стандартное, Вегетарианство","Радость, Печаль, Гнев, Спокойствие, Волнение,","Спокойствие = 7, Волнение = 8, Печаль = 5, Радость = 6, Гнев  = 3",,,, , ,,https://barmolodezh.ru/?utm_source=yandexmaps,379,120/50/20
128,Молодёжь,"Москва, Сущёвская ул., 21, стр. 8",Десерты,Эстерхази,"Нежный миндально-шоколадный торт, улучшающий работу мозга, наполняет жизнь вкусом и изысканностью.;Б6,9 Ж49 У44 Кк888","Миндально-шоколадный торт, хлеб, шоколад, миндаль, орехи","Стандартное, Вегетарианство","Радость, Печаль, Гнев, Спокойствие, Волнение,","Волнение = 3, Гнев = 2, Радость = 5, Печаль = 7, Спокойствие  = 8",,,, , ,,https://barmolodezh.ru/?utm_source=yandexmaps,399,120
129,Молодёжь,"Москва, Сущёвская ул., 21, стр. 8",Десерты,Меренговый рулет,"Легкое и воздушное лакомство, обогащенное кальцием, магнием, витаминами группы В, приносящее радость и наслаждение от каждого кусочка.;Б4,6 Ж14,3 У31,8 Кк270,6","Безе, творожно-сливочный крем, клубника, миндаль, творог, ягоды, орехи","Стандартное, Вегетарианство","Радость, Печаль, Гнев, Спокойствие, Волнение,","Печаль = 6, Волнение = 10, Спокойствие = 1, Радость = 9, Гнев  = 6",,,, , ,,https://barmolodezh.ru/?utm_source=yandexmaps,399,120/15
130,Молодёжь,"Москва, Сущёвская ул., 21, стр. 8",Десерты,Шоколадный флан,"Нежное десертное угощение приносящее невероятное наслаждение, чувство удовлетворения и благополучия.;Б5,3 Ж18,6 У35,8 Кк328,7","Шоколадный кекс, ванильное мороженое, ягодный соус, шоколад, хлеб, ваниль, мороженое, ягоды","Стандартное, Вегетарианство","Радость, Печаль, Гнев, Спокойствие, Волнение,","Печаль = 9, Спокойствие = 5, Гнев = 7, Радость  = 8, Волнение = 1",,,, , ,,https://barmolodezh.ru/?utm_source=yandexmaps,399,90/50/15
131,Молодёжь,"Москва, Сущёвская ул., 21, стр. 8",Десерты,Фруктовое плато малое,"Сочные фрукты, богатые витаминами, укрепляющие иммунитет и поддерживающие общее состояние здоровья, создают атмосферу свежести и радости от естественного угощения.;Б0,6 Ж0,3 У11 Кк48,8","Ассорти из сезонных фруктов, фрукты, яблоко, груша, банан","Стандартное, Диетическое, Вегетарианство, Веганство, Сыроедение","Радость, Печаль, Гнев, Спокойствие, Волнение,","Гнев = 4, Волнение = 9, Радость = 7, Печаль = 10, Спокойствие  = 2",,,, , ,,https://barmolodezh.ru/?utm_source=yandexmaps,649,300
132,Молодёжь,"Москва, Сущёвская ул., 21, стр. 8",Десерты,Фруктовое плато большое,"Сочные фрукты, богатые витаминами, укрепляющие иммунитет и поддерживающие общее состояние здоровья, создают атмосферу свежести и радости от естественного угощения.;Б0,6 Ж0,3 У11,3 Кк49,9","Ассорти из сезонных фруктов, фрукты, яблоко, груша, банан","Стандартное, Диетическое, Вегетарианство, Веганство, Сыроедение","Радость, Печаль, Гнев, Спокойствие, Волнение,","Спокойствие = 10, Волнение = 2, Печаль = 8, Радость = 3, Гнев  = 9",,,, , ,,https://barmolodezh.ru/?utm_source=yandexmaps,2599,1200
134,Молодёжь,"Москва, Сущёвская ул., 21, стр. 8",Супы,Грибной крем - суп,"Нежное сочетание грибов и специй, наполняющее организм радостью и витаминами С, Е, В, фосфором и железом.;Б5,3 Ж15,6 У12,8 Кк213,4","Шампиньоны, лук репчатый, картофель, сливки, сухарики, грибы, лук, хлеб, овощи","Стандартное, Диетическое, Вегетарианство","Радость, Печаль, Гнев, Спокойствие, Волнение,","Гнев = 6, Волнение = 3, Радость = 1, Печаль = 2, Спокойствие  = 5",,,, , ,,https://barmolodezh.ru/?utm_source=yandexmaps,299,250/7
135,Молодёжь,"Москва, Сущёвская ул., 21, стр. 8",Супы,Куриный бульон с яйцом-пашот,"Источник гистидина, серотонина, омеги-3, селена, железа, витамина В12, поддерживающий здоровье и жизненную силу вашего организма.;Б3,9 Ж5,9 У2,2 Кк78,2","Куриный бульон, яйцо, зелень, сухариками, курица, мясо, хлеб",Стандартное,"Радость, Печаль, Гнев, Спокойствие, Волнение,","Волнение = 6, Гнев = 5, Радость = 3, Печаль = 4, Спокойствие  = 2",,,, , ,,https://barmolodezh.ru/?utm_source=yandexmaps,249,350/10
136,Молодёжь,"Москва, Сущёвская ул., 21, стр. 8",Супы,Рамэн со свининой,"Ароматное и питательное блюдо, наполняющее организм силой и энергией, благодаря витаминам группы В, железу, калию и фосфору.;Б4,9 Ж4,9 У2,2 Кк78,2","Имбирный суп, свинина, пшеничная лапша, яйцо, лук, кинза, имбирь, мясо, макароны, лапша, зелень",Стандартное,"Радость, Печаль, Гнев, Спокойствие, Волнение,","Спокойствие= 6, Волнение = 2, Радость = 4, Печаль = 3, Гнев = 8",,,, , ,,https://barmolodezh.ru/?utm_source=yandexmaps,399,500
137,Молодёжь,"Москва, Сущёвская ул., 21, стр. 8",Супы,Борщ с телятиной,"Традиционное блюдо, богатое калием, кальцием, магнием, цинком, которое поддержит ваше здоровье и жизненный тонус.;Б6,2 Ж7,2 У10,9 Кк133,6","Свекла, картофель, капуста, лук, морковь, подсолнечное масло, томатная паста, уксус, сахар, соль, петрушка, бульен говяжий, сметана, бородинские тосты, зелёный лук, овощи, масло, томаты, помидоры, зелень, говядина, мясо, хлеб, лук",Стандартное,"Радость, Печаль, Гнев, Спокойствие, Волнение,","Спокойствие = 4, Волнение = 1, Печаль = 5, Радость = 6, Гнев  = 3",,,, , ,,https://barmolodezh.ru/?utm_source=yandexmaps,469,340/40/50
138,Молодёжь,"Москва, Сущёвская ул., 21, стр. 8",Супы,Том-Ям,"Острое и ароматное блюдо, содержащее витамины A, D, E, K и бета-каротин. Том-ям наполнит организм энергией и радостью жизни.;Б4,7 Ж4,2 У5,2 Кк95,2","Бульон, креветки, кальмары, мидии, грибы муэр, помидоры, перец чили, кинза, лайм, рис, морепродукты, моллюски, грибы, томаты, овощи, зелень, цитрусы",Стандартное,"Радость, Печаль, Гнев, Спокойствие, Волнение,","Волнение = 4, Гнев = 2, Радость = 5, Печаль = 6, Спокойствие  = 1",,,, , ,,https://barmolodezh.ru/?utm_source=yandexmaps,799,470
140,Блан де Блан,"Москва, ул. Люсиновская, 36/50",Холодные закуски,Брускетта с карпаччо из говядины ,"Насыщенные витаминами В12, цинком, железом, селеном брускетты с карпаччо из говядины способствуют здоровому обмену веществ и поддерживают тонус вашего организма.;Б13 Ж24 У23 Кк362
","Маринованная говяжья вырезка, печеный болгарский перец, маринованный артишок, фенхель, соус цезарь и казанова, поджаренный тостовый черный хлеб","Стандартное, диетическое ","Радость, Печаль, Гнев, Спокойствие, Волнение,","Спокойствие = 3, Радость  = 4, Гнев = 1, Печаль = 2 , Волнение = 5",,,, , ,,http://www.blanc-de-blancs.ru/menu/,580,140
141,Блан де Блан,"Москва, ул. Люсиновская, 36/50",Холодные закуски,Брускетта с лососем,"Брускетты с лососем богаты омегой-3, витаминами группы В12, фосфором, калием. Благоприятное влияние на вашу сердечно-сосудистую систему и на ваше самочувствие обеспечено.;Б21 Ж27 У25 Кк426","Хлеб белый пшеничный домашнего приготовления, лосось слабосолёный, маринованный в свекольном соке, авокадо, соус ирландский, соус крем-Песто, укроп, кунжут",Стандартное,"Радость, Печаль, Гнев, Спокойствие, Волнение,","Спокойствие = 5, Радость  = 2, Гнев = 3, Печаль = 4, Волнение = 1",,,, ,  ; 5 ; 5,,http://www.blanc-de-blancs.ru/menu/,620,175
142,Блан де Блан,"Москва, ул. Люсиновская, 36/50",Холодные закуски,Пате из куриной печени,"Пате из куриной печени содержит витамины В12, А, железо, йод. Ваша нервная система будет отлично функционировать, и вы сможете быстро решать различные задачи.;Б21 Ж27 У25 Кк426","Паштет из куриной печени, груша, грецкие орехи в карамели, Пармезан, малиновый соус, пшеничные мини-лепешки",Стандартное,"Радость, Печаль, Гнев, Спокойствие, Волнение,","Спокойствие = 1 , Радость  = 3, Гнев = 4, Печаль = 5, Волнение = 2",,,, , ,,http://www.blanc-de-blancs.ru/menu/,490,200
143,Блан де Блан,"Москва, ул. Люсиновская, 36/50",Холодные закуски,Рулетики из баклажана с ростбифом,"Рулетики из баклажана с ростбифом обогащены антоцианом, калием, витаминами В12, цинком, железом, селеном. Данное блюдо способствует замедлению процессов старения, а также повышению тонуса вашего организма.;Б21 Ж27 У25 Кк426","Копченый баклажан, ростбиф, сливочный сыр, томат, грецкий орех, инжирно-горчичный соус",Стандартное,"Радость, Печаль, Гнев, Спокойствие, Волнение,","Спокойствие = 2, Радость  = 1, Гнев = 5, Печаль = 3, Волнение = 4",,,, ,  ; 5,,http://www.blanc-de-blancs.ru/menu/,"690
",180
144,Блан де Блан,"Москва, ул. Люсиновская, 36/50",Холодные закуски,Тар-тар из говядины ,"Тар-тар из говядины является источником витаминов группы В12, цинка, железа, селена. Вы станете себя чувствовать свежее и бодрее.;Б3 Ж15 У9 Кк 188","Говяжья вырезка, соус бернуазет, орехи кедровые, пармезан, вяленые томаты, крутоны","Стандартное, диетическое","Радость, Печаль, Гнев, Спокойствие, Волнение,","Спокойствие = 4, Радость  = 5, Гнев = 2, Печаль = 1, Волнение = 3",,,, , ,,http://www.blanc-de-blancs.ru/menu/,650,145
145,Блан де Блан,"Москва, ул. Люсиновская, 36/50",Салаты,Греческий,"Салат наполнен свежими овощами, обеспечивая организм витаминами А, С, кальцием, калием для поддержания иммунитета. Вы наберетесь сил на весь предстоящий день.;Б7 Ж16 У8 Кк205","Помидоры черри, огурцы, болгарский перец, микс-салат, маслины, оливки, красный лук, сыр фета, оливковое масло","Стандартное, диетическое, вегетарианство ","Радость, Печаль, Гнев, Спокойствие, Волнение,","Спокойствие = 7, Волнение = 8, Печаль = 5, Радость = 6, Гнев  = 3",,,, ,  ; 5 ; 5,,http://www.blanc-de-blancs.ru/menu/,520,240
146,Блан де Блан,"Москва, ул. Люсиновская, 36/50",Салаты,Нисуаз,"Салат Нисуаз с тунцом богат омега-3, витаминами группы В12, фосфором, калием. Ваше сердце будет работать как часы, а вы сможете щелкать различные задачи как орешки.;Б25 Ж24 У12 Кк368","Тунец на гриле med-rare, анчоусы, яйцо пашот, кенийская фасоль,  мини-картофель, красный лук, болгарский перец, микс-салат, оливковое масло, соевый соус, бальзамический уксус",Стандартное,"Радость, Печаль, Гнев, Спокойствие, Волнение,","Гнев = 5, Волнение = 4, Радость = 1, Печаль = 2, Спокойствие  = 4",,,, , ,,http://www.blanc-de-blancs.ru/menu/,690,270
147,Блан де Блан,"Москва, ул. Люсиновская, 36/50",Салаты,A La Capri ,"Салат A La Capri с моцареллой и помидорами содержит кальций, фосфор, витамин А, РР. Благодаря ним вы станете чувствовать себя уверенее и будете выглядеть привлекательнее.;Б19 Ж32 У9 Кк300","Моцарелла буффало, помидоры, вяленые томаты, салат руккола, соус Песто и крем-бальзамик","Стандартное, диетическое, вегетарианство ","Радость, Печаль, Гнев, Спокойствие, Волнение,","Волнение = 6, Гнев = 1, Радость = 3, Печаль = 4, Спокойствие  = 9",,,, , ,,http://www.blanc-de-blancs.ru/menu/,670,240
148,Блан де Блан,"Москва, ул. Люсиновская, 36/50",Салаты,Салат овощной ,"Овощной салат наполнит вас витаминами А, С, кальцием, калием, способствуя здоровому пищеварению. Ваш организм обязательно скажет вам спасибо.;Б15 Ж57 У64 Кк832","Помидоры розовые, перец болгарский, свежие огурцы, лук красный, масло оливковое, зелень","Стандартное, диетическое, вегетарианство, сыроедение, веганство","Радость, Печаль, Гнев, Спокойствие, Волнение,","Спокойствие= 6, Волнение = 7, Радость = 4, Печаль = 3, Гнев = 8",,,, , ,,http://www.blanc-de-blancs.ru/menu/,,
149,Блан де Блан,"Москва, ул. Люсиновская, 36/50",Салаты,Салат с куриной печенью ,"Салат с куриной печенью богат витаминами В12, А, железом, йодом. Данное блюдо обеспечит вас необходимыми полезными веществами на весь день.;Б15 Ж57 У64 Кк832","Карамелизированная куриная печень, микс-салат, сыр дор-блю, клубника, виноград, миндальные хлопья, медово-оливковая заправка с зернистой горчицей",Стандартное,"Радость, Печаль, Гнев, Спокойствие, Волнение,","Спокойствие = 3, Радость = 2, Гнев = 9, Печаль = 1, Волнение = 5",,,, , ,,http://www.blanc-de-blancs.ru/menu/,680,185
150,Блан де Блан,"Москва, ул. Люсиновская, 36/50",Салаты,Салат с морепродуктами ,"Салат с морепродуктами окажет благоприятное влияние на здоровье сердца благодаря содержанию витаминов A, D, E, K, бета-каротина. Вы станете чувствовать себя счастливее и жизнерадостнее.;Б21 Ж20 У7 Кк288","Креветки, кальмары, свежий шпинат, авокадо, свежие огурцы, творожный сыр, свежий грейпфрут, апельсиновый соус","Стандартное, диетическое ","Радость, Печаль, Гнев, Спокойствие, Волнение,","Волнение = 3, Гнев = 2, Радость = 5, Печаль = 7, Спокойствие  = 8",,,, , ,,http://www.blanc-de-blancs.ru/menu/,680,260
151,Блан де Блан,"Москва, ул. Люсиновская, 36/50",Салаты,Салат с телячьими щечками,"Салат позволит вам ощутить прилив сил благодаря витамину В12, цинку, железу, селену. Заряд энергии вам обеспечен.;Б15 Ж31 У4 Кк351","Томленые телячьи щечки, помидоры, красный лук, шпинат, ирландский соус","Стандартное, диетическое ","Радость, Печаль, Гнев, Спокойствие, Волнение,","Печаль = 6, Волнение = 2, Спокойствие = 1, Радость = 8, Гнев  = 6",,,, , ,,http://www.blanc-de-blancs.ru/menu/,560,195
152,Блан де Блан,"Москва, ул. Люсиновская, 36/50",Салаты,Салат Франш-Конте,"Салат укрепит ваш скелет, вы станете чувствовать себя сильнее и увереннее. Все это благодаря содержащемуся в блюде гистидину, серотонину, омеги-3, селену, железу, витамину В12.;Б18 Ж44 У15 Кк520","Куриная грудка гриль, бекон, картофель, шампиньоны, помидоры черри, микс-салат и сливочный соус с зернистой горчицей",Стандартное,"Радость, Печаль, Гнев, Спокойствие, Волнение,","Печаль = 9, Спокойствие = 5, Гнев = 7, Радость  = 9, Волнение = 1",,,, , ,,http://www.blanc-de-blancs.ru/menu/,580,200
153,Блан де Блан,"Москва, ул. Люсиновская, 36/50",Салаты,Салат Цезарь ,"Благодаря гистидину, серотонину, омеге-3, селену, железу, витамину В12 салат оказывает благоприятное влияние на вашу кожу. Вы станете чувствовать себя увереннее и привлекательнее.;Б28 Ж45 У18 Кк590","Куриное филе на гриле, салат Романо, соус цезарь, помидоры черри, перепелиное яйцо, пармезан, гренки из французского багета",Стандартное,"Радость, Печаль, Гнев, Спокойствие, Волнение,","Гнев = 4, Волнение = 9, Радость = 7, Печаль = 8, Спокойствие  = 2",,,, , ,,http://www.blanc-de-blancs.ru/menu/,560,230
154,Блан де Блан,"Москва, ул. Люсиновская, 36/50",Супы,Крем-суп из лесных грибов ,"Благодаря данному блюду ваш организм насытится витаминами B, C, фосфором, калием, кальцием, магнием, цинком. Ваше самочувствие повысится, и вы будете готовы для новых свершений.;Б7 Ж46 У13 Кк492","Шампиньоны, картофель, грибы белые, лук репчатый, молоко, масло растительное, сливки, крутоны, масло трюфельное",Стандартное,"Радость, Печаль, Гнев, Спокойствие, Волнение,","Волнение = 6, Гнев = 5, Радость = 3, Печаль = 4, Спокойствие  = 2",,,, , ,,http://www.blanc-de-blancs.ru/menu/,450,300
155,Блан де Блан,"Москва, ул. Люсиновская, 36/50",Супы,Куриный бульон с Пармезаном ,"Суп содержит гистидин, серотонин, омегу-3, селен, железо, витамин В12. Блюдо укрепит ваш организм и благоприятно скажется на вашем самочувствии.;Б21 Ж19 У2 Кк262","Куриный бульон, яйцо куриное, сыр Пармезан, зелень, помидоры конкасе, масло оливковое","Стандартное, диетическое","Радость, Печаль, Гнев, Спокойствие, Волнение,","Гнев = 6, Волнение = 3, Радость = 1, Печаль = 2, Спокойствие  = 5",,,, , ,,http://www.blanc-de-blancs.ru/menu/,420,310
156,Блан де Блан,"Москва, ул. Люсиновская, 36/50",Супы,Марсельский суп с морепродуктами ,"Суп содержит омегу-3, витамины группы В12, фосфор, калий. Благодаря ним ваша внешность преобразится, а уверенность в себе поднимется на новый уровень.;Б31 Ж14 У37 Кк37","Рыбный бульон, панцири креветок, картофель, лук репчатый, морковь, томаты, лавровый лист, белок вино, сельдерей, мидии, креветки, кальмары, филе лососевой рыбы, жареный багет, масло оливковое","Стандартное, диетическое","Радость, Печаль, Гнев, Спокойствие, Волнение,","Спокойствие = 3, Радость = 2, Гнев = 4, Печаль = 1, Волнение = 5",,,, , ,,http://www.blanc-de-blancs.ru/menu/,650,300
157,Блан де Блан,"Москва, ул. Люсиновская, 36/50",Супы,Рыбный суп A La Provence,"Благодаря омеге-3, витаминам группы В12, фосфору, калию суп окажет благоприятное влияние на вашу сердечно-сосудистую систему. Вы почувствуете прилив сил и энергии.;Б21 Ж15 У43 Кк394","Рыбный бульон, картофель, морковь, лук порей, фенхель, лосось, окунь, судак, зелень",Стандартное,"Радость, Печаль, Гнев, Спокойствие, Волнение,","Спокойствие= 6, Волнение = 2, Радость = 4, Печаль = 3, Гнев = 8",,,, , ,,http://www.blanc-de-blancs.ru/menu/,550,360
158,Блан де Блан,"Москва, ул. Люсиновская, 36/50",Супы,Кассуле,"Благодаря витаминам В12, цинку, железу, селену суп поддерживает здоровый обмен веществ и улучшает пищеварение. Прилив сил вам обеспечен.;Б21 Ж15 У43 Кк394","Говяжья похлебка, белая и красная фасоль, демиглас, томатная база, карамельный лук. Подается с черносливом, обжаренной говяжьей вырезкой. Украшается зеленью.",Стандартное,"Радость, Печаль, Гнев, Спокойствие, Волнение,","Спокойствие = 4, Волнение = 1, Печаль = 5, Радость = 6, Гнев  = 3",,,, , ,,http://www.blanc-de-blancs.ru/menu/,620,300
159,Блан де Блан,"Москва, ул. Люсиновская, 36/50",Супы,Французский луковый суп ,"Антибактериальные свойства лука обязательно защитят вас от простуды. А также содержащиеся в супе витамины С, Е, В, фосфор, железо укрепят иммунитет.;Б21 Ж13 У63 Кк454","Карамелизированный лук в бренди с тимьяном, куриный бульон, тосты из багета запеченными под сыром",Стандартное,"Радость, Печаль, Гнев, Спокойствие, Волнение,","Волнение = 4, Гнев = 2, Радость = 5, Печаль = 6, Спокойствие  = 1",,,, , ,,http://www.blanc-de-blancs.ru/menu/,490,250
160,Блан де Блан,"Москва, ул. Люсиновская, 36/50",Горячие закуски,Жульен из лесных грибов,"Поддерживает здоровье глаз и кожи за счет содержания витамина B, C, фосфора, калия. Ваша жизнь заиграет новыми красками.;Б15 Ж41 У6 Кк455","Белые грибы, шампиньоны, сливки, сыр чеддер, мука, молоко","Стандартное, вегетарианство","Радость, Печаль, Гнев, Спокойствие, Волнение,","Спокойствие =, Радость  =, Гнев =, Печаль =, Волнение = ",,,, , ,,http://www.blanc-de-blancs.ru/menu/,390,120
161,Блан де Блан,"Москва, ул. Люсиновская, 36/50",Горячие закуски,Камамбер с ягодным соусом ,"Камамбер с ягодным соусом содержит кальций, фосфор, витамин А, РР, которые способствуют здоровью костной сисмемы. Все, что нужно для красивой осанки в одном блюде.;Б24 Ж70 У66 Кк989","Обжаренный в панировке сыр камамбер и зеленое яблоко, ягодный соус, клубника, мята",Стандартное,"Радость, Печаль, Гнев, Спокойствие, Волнение,","Спокойствие =, Радость  =, Гнев = , Печаль =  , Волнение = ",,,, , ,,http://www.blanc-de-blancs.ru/menu/,690,150
162,Блан де Блан,"Москва, ул. Люсиновская, 36/50",Горячие закуски,Овощной рататуй с Моцареллой ,"Овощной рататуй с Моцареллой сочетает в себе ароматные овощи, содержащие антоциан, калий, кальций, фосфор, А, РР. Приятный аромат и вкус блюда помогут вам расслабиться и насладиться моментом.;Б26 Ж40 У16 Кк528","Рататуй из баклажанов, цуккини, болгарского перца, сыр моцарелла, запеченный под соусом песто и пилати","Стандартное, вегетарианство ","Радость, Печаль, Гнев, Спокойствие, Волнение,","Спокойствие = , Радость  =, Гнев = , Печаль = , Волнение = ",,,, , ,,http://www.blanc-de-blancs.ru/menu/,720,350
163,Блан де Блан,"Москва, ул. Люсиновская, 36/50",Паста,Карбонара,"Карбонара богата витаминами группы В, железом, калием, фосфором. Данное блюдо с его насыщенным вкусом и ароматом поможет вам расслабиться и насладиться моментом благодаря сочетанию бекона и сыра Пармезан.;Б30 Ж79 У54 Кк1048","Спагетти, бекон, белое вино, сливки, куриный желток, пармезан, базилик",Стандартное,"Радость, Печаль, Гнев, Спокойствие, Волнение,","Волнение = 6, Гнев = 5, Радость = 3, Печаль = 4, Спокойствие  = 2",,,, , ,,http://www.blanc-de-blancs.ru/menu/,550,260
164,Блан де Блан,"Москва, ул. Люсиновская, 36/50",Паста,Ризотто с креветками ,"Ризотто с креветками обладает нежным и насыщенным вкусом, который создает уютную атмосферу и способствует расслаблению благодаря витаминам A, D, E, K и бета-каротину.;Б20 Ж63 У23 Кк740","Тигровые креветки, белое вино, рис арборио, лук порей, сливки, пармезан, сливочное масло, базилик",Стандартное,"Радость, Печаль, Гнев, Спокойствие, Волнение,","Гнев = 6, Волнение = 3, Радость = 1, Печаль = 2, Спокойствие  = 5",,,, , ,,http://www.blanc-de-blancs.ru/menu/,680,260
165,Блан де Блан,"Москва, ул. Люсиновская, 36/50",Паста,Ризотто с лесными грибами,"Нежное сочетание риса и ароматных грибов, способствует здоровью кожи и волос. Благоприятное влияние на организм оказывают витамины группы В, цинк, магний.;Б16 Ж77 У25 Кк854","Итальянский рис арборио, белое вино, белые грибы,  сливки, пармезан, сливочное масло, трюфельное масло, базилик",Стандартное,"Радость, Печаль, Гнев, Спокойствие, Волнение,","Спокойствие = 3, Радость = 2, Гнев = 4, Печаль = 1, Волнение = 5",,,, , ,,http://www.blanc-de-blancs.ru/menu/,650,260
166,Блан де Блан,"Москва, ул. Люсиновская, 36/50",Паста,Спагетти Неро с морепродуктами,"Изысканный деликатес, богатый витаминами A, D, E, K, бета-каротином. Это блюдо сочетает в себе интенсивный тигровых креветок, кальмаров и мидий, что поднимает настроение и создает атмосферу праздника.;Б31 Ж62 У59 Кк905","Спагетти с чернилами каракатицы, тигровые креветки, кальмары, мидии, вяленые томаты и базилик, в томатном или сливочном соусе на выбор",Стандартное,"Радость, Печаль, Гнев, Спокойствие, Волнение,","Спокойствие= 6, Волнение = 2, Радость = 4, Печаль = 3, Гнев = 8",,,, , ,,http://www.blanc-de-blancs.ru/menu/,690,300
167,Блан де Блан,"Москва, ул. Люсиновская, 36/50",Паста,Фарфалле с белыми грибами ,"Блюдо содержит: кальций, витамины группы В, триптофан, йод. Уникальное сочетание питательных грибов и легкой пасты, способствует здоровому обмену веществ и насыщению организма энергией.;Б20 Ж58 У54 Кк819","Фарфалле в сливочном соусе, белые грибы, шампиньоны и помидоры черри с базиликом",Стандартное,"Радость, Печаль, Гнев, Спокойствие, Волнение,","Спокойствие = 4, Волнение = 1, Печаль = 5, Радость = 6, Гнев  = 3",,,, , ,,http://www.blanc-de-blancs.ru/menu/,690,310
168,Блан де Блан,"Москва, ул. Люсиновская, 36/50",Паста,Фарфалле с лососем ,"Благородное сочетание нежного лосося и ароматной пасты, обогащающее организм кальцием, калием, витаминами группы В, триптофаном, йодом, омегой-3, фосфором. Если вам предстоит активный день, то это блюдо точно для вас.;Б37 Ж72 У53 Кк983","Фарфалле, филе лосося гриль, бренди, помидоры черри, пармезан, базилик, сливочный или томатный соус (на выбор)",Стандартное,"Радость, Печаль, Гнев, Спокойствие, Волнение,","Волнение = 4, Гнев = 2, Радость = 5, Печаль = 6, Спокойствие  = 1",,,, , ,,http://www.blanc-de-blancs.ru/menu/,790,300
169,Блан де Блан,"Москва, ул. Люсиновская, 36/50",Горячие блюда,Котлеты A La tour из кижуча ,"Котлеты A La tour обогащают организм омегой-3, витаминами группы В12, фосфором, калием. Насыщенный вкус кижуча и аппетитный вид этих котлет помогут вам насладиться прекрасным ужином и поднять настроение.;Б36 Ж71 У39 Кк936","Нежные котлеты из кижуча и семги, картофельное пюре, свежие огурцы, базилик, сливочный соус",Стандартное,"Радость, Печаль, Гнев, Спокойствие, Волнение,","Печаль = 9, Спокойствие = 5, Гнев = 7, Радость  = 11, Волнение = 1",,,, , ,,http://www.blanc-de-blancs.ru/menu/,890,350
170,Блан де Блан,"Москва, ул. Люсиновская, 36/50",Горячие блюда,Бёф Бургиньон ,"Ароматное и насыщенное блюдо с нежным говяжьим мясом сожержит витамины группы В12, цинк, железо, селен. Бёф Бургиньон создает уютную атмосферу и способствует расслаблению организма.;Б25 Ж63 У36 Кк809","Классическое французское блюдо. Томлёная (несколько часов) в вине говядина в мясном соусе. Подаётся с медовой морковью, обжаренным беконом и шампиньонами",Стандартное,"Радость, Печаль, Гнев, Спокойствие, Волнение,","Гнев = 5, Волнение = 4, Радость = 1, Печаль = 2, Спокойствие  = 7",,,, , ,,http://www.blanc-de-blancs.ru/menu/,1200,300
171,Блан де Блан,"Москва, ул. Люсиновская, 36/50",Горячие блюда,Бефстроганов из телятины ,"Бефстроганов из телятины богат витаминами В12, цинком, железом, селеном. Нежное мясо телятины и грибы создают блюдо, которое поднимает настроение и радует вкусом.;Б25 Ж63 У36 Кк809","Тушенная говяжья вырезка, болгарский перец, шампиньоны, маринованный огурец, лук репчатый, сливки, сметана, картофельное пюре, микс-салат, помидоры черри",Стандартное,"Радость, Печаль, Гнев, Спокойствие, Волнение,","Волнение = 6, Гнев = 11, Радость = 10, Печаль = 4, Спокойствие  = 9",,,, , ,,http://www.blanc-de-blancs.ru/menu/,750,385
172,Блан де Блан,"Москва, ул. Люсиновская, 36/50",Горячие блюда,Дорадо a La Provence ,"Сочное морское блюдо богато омегой-3, витаминами группы В12, фосфором, калием. Дорадо a La Provence помогает расслабиться и насладиться прекрасным времяпрепровождением.;Б30 Ж33 У43 Кк592","Филе средиземноморской дорады гриль, припущенные в белом вине цукини и помидоры черри, сливочное масло, прованские травы",Стандартное,"Радость, Печаль, Гнев, Спокойствие, Волнение,","Спокойствие= 6, Волнение = 11, Радость = 4, Печаль = 3, Гнев = 8",,,, , ,,http://www.blanc-de-blancs.ru/menu/,1100,250
173,Блан де Блан,"Москва, ул. Люсиновская, 36/50",Горячие блюда,Камбала в сливочном соусе ,"Нежное мясо камбалы, сочные овощи и сливочный соус создают блюдо, которое поможет вам набраться сил и насладиться вкусом. Содержит омегу-3, витамины группы В12, фосфор, калий.;Б30 Ж33 У43 Кк592","Камбала в сливочном соусе с мини-картофелем, вялеными томатами и луком фри",Стандартное,"Радость, Печаль, Гнев, Спокойствие, Волнение,","Спокойствие = 4, Волнение = 8, Печаль = 5, Радость = 6, Гнев  = 3",,,, , ,,http://www.blanc-de-blancs.ru/menu/,690,240
174,Блан де Блан,"Москва, ул. Люсиновская, 36/50",Горячие блюда,Кордон блю ,"Хрустящий кордон блю с нежным мясом и сыром способствует хорошему настроению благодаря сочетанию текстур и вкусов. Благодаря содержащимуся в блюде тидину, серотонину, омеге-3, селену, железу, витаминам группы В12 вы будете чувствовать себя превосходно.;Б61 Ж66 У58 Кк1072","Обжаренная куриная грудка в панировке, ветчина, сыр гауда, обжаренный мини-картофель, стручковая фасоль, помидоры черри, чеснок, сливочно-сырный соус",Стандартное,"Радость, Печаль, Гнев, Спокойствие, Волнение,","Волнение = 3, Гнев = 2, Радость = 5, Печаль = 7, Спокойствие  = 8",,,, , ,,http://www.blanc-de-blancs.ru/menu/,950,330
175,Блан де Блан,"Москва, ул. Люсиновская, 36/50",Горячие блюда,Куриные котлеты,"Простое блюдо, которое создает атмосферу уюта и комфорта, помогая насладиться простотой вкуса. Куриные котлеты придадут вам сил и энергии благодаря содержащимуся тидину, серотонину, омеге-3, селену, железу, В12.;Б39 Ж48 У16 Кк649","Обжаренные на гриле котлеты из рубленного куриного филе, помидоры черри, сырный соус",Стандартное,"Радость, Печаль, Гнев, Спокойствие, Волнение,","Печаль = 6, Волнение = 10, Спокойствие = 1, Радость = 8, Гнев  = 6",,,, , ,,http://www.blanc-de-blancs.ru/menu/,690,180
176,Блан де Блан,"Москва, ул. Люсиновская, 36/50",Горячие блюда,Лосось на гриле с авокадо и шпинатом,"Блюдо богато омегой-3, витаминами группы В12, фосфором, калием. Сочное мясо лосося и авокадо создают блюдо, которое обязательно порадует ваши вкусовые рецепторы.;Б39 Ж53 У18 Кк705","Стейк из лосося, шпинат, обжаренный в ирландском соусе, свежий авокадо, соус дорблю",Стандартное,"Радость, Печаль, Гнев, Спокойствие, Волнение,","Спокойствие = 3, Радость = 2, Гнев = 10, Печаль = 1, Волнение = 5",,,, , ,,http://www.blanc-de-blancs.ru/menu/,1400,330
177,Блан де Блан,"Москва, ул. Люсиновская, 36/50",Горячие блюда,Обжаренный тунец на гриле с овощами,"Обжаренный тунец на гриле с овощами обогащен омегой-3, витаминами группы В12, фосфором и калием. Интенсивный вкус тунца и свежих овощей на гриле создают блюдо, которое помогает поднять настроение благодаря сочетанию невероятных вкусов.;Б32 Ж52 У12 Кк653","Обжаренный на гриле индонезийский тунец на подушке из нарезанных соломкой овощей (цукини, баклажаны, болгарский перец, помидоры черри), в томатном, сливочном или соевом соусе (на выбор), базилик",Стандартное,"Радость, Печаль, Гнев, Спокойствие, Волнение,","Гнев = 4, Волнение = 9, Радость = 7, Печаль = 8, Спокойствие  = 2",,,, , ,,http://www.blanc-de-blancs.ru/menu/,790,270
178,Блан де Блан,"Москва, ул. Люсиновская, 36/50",Горячие блюда,Томленые говяжьи щечки ,"Томленые говяжьи щечки богаты витаминами группы В12, цинком, железом, селеном, калием, кальцием, магнием, которые благоприятно скажутся на вашем самоощущении. Нежное говяжье мясо создает блюдо, которое помогает набраться сил и насладиться изысканным вкусом.;Б39 Ж21 У25 Кк443","Говяжьи щечки су-вид, картофельное пюре, мусс из сельдерея, соус демиглас, помидоры черри","Стандартное, диетическое","Радость, Печаль, Гнев, Спокойствие, Волнение,","Спокойствие = 10, Волнение = 2, Печаль = 11, Радость = 3, Гнев  = 9",,,, , ,,http://www.blanc-de-blancs.ru/menu/,850,300
179,Блан де Блан,"Москва, ул. Люсиновская, 36/50",Горячие блюда,Филе миньон,"Филе миньон богато витаминами группы В12, цинком, железом, селеном, калием, кальцием, магнием. Нежное мясо филе с аппетитным видом порадует любого посетителя.;Б45 Ж95 У25 Кк1132","Филе из говяжьей вырезки гриль, жареный мини-картофель, соус демиглас, красное вино, кедровые орешки, помидоры черри, розмарин",Стандартное,"Радость, Печаль, Гнев, Спокойствие, Волнение,","Гнев = 1, Волнение = 7, Радость = 3, Печаль = 10, Спокойствие  = 11",,,, , ,,http://www.blanc-de-blancs.ru/menu/,1900,315
180,Блан де Блан,"Москва, ул. Люсиновская, 36/50",Десерты,"Груша ""Три сыра""","Сочная груша, сочетающаяся с различными видами сыра сожержит кальций, фосфор, А, РР. Уникальный вкус блюда помогает поднять настроение и насладиться сладким моментом.;Б4 Ж11 У48 Кк310","груша конференс, творожный сыр, Сыр Дор-блю, красное вино, корица, тимьян, мёд, сахар, базилик, крем-бальзамик","Стандартное, диетическое, вегетарианство","Радость, Печаль, Гнев, Спокойствие, Волнение,","Гнев = 3, Волнение = 2, Радость = 4, Печаль = 5, Спокойствие  = 1",,,, , ,,http://www.blanc-de-blancs.ru/menu/,520,130
181,Блан де Блан,"Москва, ул. Люсиновская, 36/50",Десерты,Крем брюле ,"Десерт обогащен кальцием, магнием, витаминами группы В. Хрустящая корочка карамели и нежный крем позволяют расслабиться и насладиться вкусом блюда.;Б5 Ж32 У24 Кк404","Сливочный заварной крем, сахарная карамелизированная корочка, физалис","Стандартное, диетическое, вегетарианство","Радость, Печаль, Гнев, Спокойствие, Волнение,","Печаль = 1, Гнев = 2, Волнение = 5, Спокойствие = 4, Радость = 3",,,, , ,,http://www.blanc-de-blancs.ru/menu/,390,90
182,Блан де Блан,"Москва, ул. Люсиновская, 36/50",Десерты,Меренговый рулет ,"Воздушный меренг создает атмосферу праздника и радости. Все благодаря содержащемуся в нем кальцию, магнию и витаминам группы В.;Б5 Ж45 У23 Кк332","Тонкая меренга, сливки, розмарин, имбирь, банан, фисташки, миндально-маковый бисквит с вишневым конфитюром и заварным кремом","Стандартное, диетическое, вегетарианство","Радость, Печаль, Гнев, Спокойствие, Волнение,","Печаль = 2, Гнев = 1, Волнение = 4, Спокойствие = 3, Радость = 5",,,, , ,,http://www.blanc-de-blancs.ru/menu/,400,100
183,Блан де Блан,"Москва, ул. Люсиновская, 36/50",Десерты,Бакский чизкейк ,"Бакский чизкейк богат кальцием, магнием, витаминами группы В. Ароматный и нежный десерт создает уютную атмосферу и дарит вам радость благодаря своему невероятному вкусу.;Б12 Ж48 У59 Кк716","жженый пирог с темной корочкой и нежнейшим, почти текучим центром. Украiается сливочным кокосовым кремом, и свежей клубникой","Стандартное, диетическое, вегетарианство","Радость, Печаль, Гнев, Спокойствие, Волнение,","Печаль = 3, Гнев = 4, Волнение = 1, Спокойствие = 5, Радость = 2",,,, , ,,http://www.blanc-de-blancs.ru/menu/,390,150
184,Блан де Блан,"Москва, ул. Люсиновская, 36/50",Десерты,Шоколадный флан,"Насыщенный шоколадный вкус флана обогащает организм кальцием, фосфором, витамином С. Благодаря сладкому угощению хорошее настроение вам обеспечено.;Б15 Ж44 У81 Кк778","Кремовый, шелковисто-гладкий шоколадный кекс с жидкой шоколадной начинкой. Подается с шариком ванильного мороженого и ягодным соусом.","Стандартное, диетическое, вегетарианство","Радость, Печаль, Гнев, Спокойствие, Волнение,","Печаль = 4, Гнев = 5, Волнение = 3, Спокойствие = 2, Радость = 1",,,, , ,,http://www.blanc-de-blancs.ru/menu/,490,150
